Incident_ID,Call_ID,Transcript,Extracted_Event,Location,Sentiment,Urgency_Score
AUD-001,C001,one,Emergency Report,Unknown Location,Calm,0.4
AUD-002,C002,This is the Blocopia Bank in 1302 with the Transnational Speedway call of art. Okay.,Crime/Assault,Blocopia Bank,Distressed,0.85
AUD-003,C003,Yeah? Yeah. Yeah. Yeah. Yeah. Yeah.,Emergency Report,Unknown Location,Calm,0.4
AUD-004,C004,"Yes, we're at the Nelson building and there's some men here with the bus to clean into the board meeting. Okay, you're at",Fire/Structure Incident,Nelson Building,Distressed,0.85
AUD-005,C005,"Listen, we're playing really bad at this. Okay, so get on our track, mate. People, you gotta track, mate, you b****.",Emergency Report,Unknown Location,Calm,0.4
AUD-006,C006,"They've switched completely off, They've switched completely off. They've switched completely off, They've switched completely off They've switched completely off, They've switched completely off",Emergency Report,Unknown Location,Calm,0.4
AUD-007,C007,"I'm locking in the field and I'm looking for a champ. You're walking in the field. OK, and you should just stop. OK, I'm going to try to find you.",Emergency Report,Unknown Location,Calm,0.4
AUD-008,C008,"Les gens en danger n' influencent pas le député de l'obnage pour la Presse. Les janvier vert,Сnogalie. Les dons de députéeane le berget sed fringe. Un servant constamment après la cour. Lesціatreursarus, le désormais dit s'il faut bien les bouts.",Emergency Report,Presse,Calm,0.4
AUD-009,C009,"And mostly, uh yeah, I haven't Muthler. We are shattering down here. I'll go over here.",Emergency Report,Unknown Location,Calm,0.4
AUD-010,C010,"maybe it is out there but is called a truck, with a truck too, proceed. Okay.",Emergency Report,Unknown Location,Calm,0.4
AUD-011,C011,"Yes, that's two sub-pro here that's the 8 on the ground. Okay, he did get it.",Emergency Report,Unknown Location,Calm,0.4
AUD-012,C012,"I mean, I'll wait behind the... ...and the fighters won't turn off.",Emergency Report,Unknown Location,Calm,0.4
AUD-013,C013,I'm here at the police station. I'm going to hold. Okay.,Emergency Report,Unknown Location,Calm,0.4
AUD-014,C014,"Yes, ma'am, I need to go out and leave quickly. Down the church. Change.",Emergency Report,Unknown Location,Calm,0.4
AUD-015,C015,"Ma'am, my cat is a person. I had to go find it.",Emergency Report,Unknown Location,Calm,0.4
AUD-016,C016,"Hello? Hello? Hello? Hello? Oh, that one was...",Emergency Report,Unknown Location,Calm,0.4
AUD-017,C017,"at 47 09 40th Avenue, and they find our edge plateau pad.",Emergency Report,Unknown Location,Calm,0.4
AUD-018,C018,I need somebody escorted out of my store right away. He's causing problems.,Crime/Assault,Unknown Location,Distressed,0.85
AUD-019,C019,Hello! Hello! Hello 911!,Emergency Report,Unknown Location,Calm,0.4
AUD-020,C020,"I got three people, the second people, thank you. They're taking kids? Yes sir.",Emergency Report,Unknown Location,Calm,0.4
AUD-021,C021,"Hey, um, they just woke into my house. They had guns. They told us to just be on the floor. They're splousers like",Crime/Assault,Unknown Location,Distressed,0.85
AUD-022,C022,"Um, I took some pills and um, the pills were really good mad, and um...",Emergency Report,Unknown Location,Calm,0.4
AUD-023,C023,"All right, well, the thing is, I was just flying with my buddy. You were sliding? I was just flying with my buddy.",Emergency Report,Unknown Location,Calm,0.4
AUD-024,C024,"If somebody stays with Diane, I'm home alone and he's not here. My daughter is here. If somebody is here, quick.",Emergency Report,Unknown Location,Calm,0.4
AUD-025,C025,"I don't have an emergency tube for this stuff, it just left my house just now.",Emergency Report,Unknown Location,Calm,0.4
AUD-026,C026,My house is on fire. I don't know how to sleep in and I'll go to someone doom and I'll,Fire/Structure Incident,Unknown Location,Distressed,0.85
AUD-027,C027,"Hi, my name is Maria. I'm calling because my teacher, Mr. Haines,",Emergency Report,Unknown Location,Calm,0.4
AUD-028,C028,"Yes, I have a gun and I don't it's from LA car loaded and something just got shot.",Crime/Assault,La,Distressed,0.85
AUD-029,C029,"I have a friend who's been drinking, I've been trying to help him since him too. He is now loading several weapons in a minute.",Emergency Report,Unknown Location,Calm,0.4
AUD-030,C030,"I'm a police at where the heck am I? 291 water counts, three to immediately. We just had bullets.",Emergency Report,Unknown Location,Calm,0.4
AUD-031,C031,I'm not sure my friend is called and basically told me she was going to kill herself and I think she probably will.,Crime/Assault,Unknown Location,Distressed,0.85
AUD-032,C032,"with the address, 750 south to 50 west.",Emergency Report,Unknown Location,Calm,0.4
AUD-033,C033,"emergency. Fire. Cutting wood. So, what's the location?",Fire/Structure Incident,Unknown Location,Distressed,0.85
AUD-034,C034,"It's not my, I mean, I haven't made it, I haven't possible, I haven't won overdose.",Emergency Report,Unknown Location,Calm,0.4
AUD-035,C035,called you like a pretending mums voice gets a little messed up,Emergency Report,Unknown Location,Calm,0.4
AUD-036,C036,"Yeah man, I'm a bit late today and we're in the road. We're going to see the gas.",Emergency Report,Unknown Location,Calm,0.4
AUD-037,C037,pumping the 29 and putting back thoseumps and I just ran as far as it's coming down the long lane,Emergency Report,Unknown Location,Calm,0.4
AUD-038,C038,"Now, I won't let you know that I'm sleepy. But I heard my doorbell ringing out.",Emergency Report,Unknown Location,Calm,0.4
AUD-039,C039,"Please come down here. What's your, what? I don't know that address. You're gonna have to be in the end of the answers.",Emergency Report,Unknown Location,Calm,0.4
AUD-040,C040,"What was your weekend of a playboy end down a month in park? A plane going down, months in park. We went down, it was...",Emergency Report,Unknown Location,Calm,0.4
AUD-041,C041,"Oh, somebody is coming. Somebody help. What's going on?",Emergency Report,Unknown Location,Calm,0.4
AUD-042,C042,Somebody was trying to rob us. She got tight right now. We're holding her down. Okay. What address you at?,Crime/Assault,Unknown Location,Distressed,0.85
AUD-043,C043,"Hello? Hello, I'm floating down the river in my car. Okay, what river are you on? I'm...",Traffic Accident,Unknown Location,Calm,0.4
AUD-044,C044,"Yes, I need an ambulance on hard stones. Okay, we're in the airport.",Emergency Report,Unknown Location,Calm,0.4
AUD-045,C045,"with that little boy missing. Have you had any reports on one? No, I'm sure haven't.",Emergency Report,Unknown Location,Calm,0.4
AUD-046,C046,"We need police. Let's find a bike by 5.23. Let's find on them, man.",Emergency Report,Unknown Location,Calm,0.4
AUD-047,C047,man please help me I'm a county road 900 to 600 will build the TV towers and,Emergency Report,Unknown Location,Calm,0.4
AUD-048,C048,"I'm working to please my, I'm with you right here at America. I don't need largest, but",Emergency Report,America,Calm,0.4
AUD-049,C049,I'm not a prospect but I need to have somebody go to my brother's house.,Emergency Report,Unknown Location,Calm,0.4
AUD-050,C050,"one one. Hey, my friend is having a feature. Where are you at?",Emergency Report,Unknown Location,Calm,0.4
AUD-051,C051,"Hello? Yes. We've just been robbed. Where? 220,000.",Crime/Assault,Unknown Location,Distressed,0.85
AUD-052,C052,"High Springs Community School, I called 911 a few minutes ago. We have, I heard several gunshots outside.",Crime/Assault,Springs Community School,Distressed,0.85
AUD-053,C053,"Yeah, I need an ambulance to 12 mark in South Reno. Okay, let's go on. Others.",Emergency Report,South Reno,Calm,0.4
AUD-054,C054,but I'm leavingMANUS to Tea & Athletic should be on call to you Apple的話 to orders I don't know if he has any details In Octital рав,Emergency Report,Tea & Athletic,Calm,0.4
AUD-055,C055,4980. I'm talking to my daughter right now. 4980. I'm talking to my daughter. Listen to me. Who is it? Three from the middle.,Emergency Report,Unknown Location,Calm,0.4
AUD-056,C056,It's been a demolishing of a house and there is a woman inside and we need someone to come,Emergency Report,Unknown Location,Calm,0.4
AUD-057,C057,"to help you. Hi, this is Latisha from store Big Five on Green Valley. I have a person that is robbing me.",Crime/Assault,Big Five,Distressed,0.85
AUD-058,C058,"Yes, ma'am, my neighbor just ran over so someone tried to kill her in her house. I don't know what.",Emergency Report,Unknown Location,Calm,0.4
AUD-059,C059,901My cleanse is beingught out. Political text decree in the most of the unusable.,Emergency Report,Unknown Location,Calm,0.4
AUD-060,C060,"Yeah, I've got kind of like a knife. My father don't leave a little bit of air. He's 79 years old.",Emergency Report,Unknown Location,Calm,0.4
AUD-061,C061,My husband is up in the attic and he's not responding.,Emergency Report,Unknown Location,Calm,0.4
AUD-062,C062,"I need to report a murder. Okay, where is that? 157 red-",Emergency Report,Unknown Location,Calm,0.4
AUD-063,C063,"Yeah, it's very much right there in the back. I just think I just found out where you are.",Emergency Report,Unknown Location,Calm,0.4
AUD-064,C064,I'm Joan Pearson and I just killed two people.,Emergency Report,Unknown Location,Calm,0.4
AUD-065,C065,"Hey, I told you some rally. We've got a medical aburge that 4500",Emergency Report,Unknown Location,Calm,0.4
AUD-066,C066,I just got back from work. From Target. I'm at 330.,Emergency Report,Target,Calm,0.4
AUD-067,C067,"Yes, we need an ambulance. We're at Westport Shopping Center right outside.",Emergency Report,Westport Shopping Center,Calm,0.4
AUD-068,C068,"No, no, no! No, no! No, no!",Emergency Report,Unknown Location,Calm,0.4
AUD-069,C069,"Yes, excuse me, so some helicopter is came down. The helicopter came down.",Emergency Report,Unknown Location,Calm,0.4
AUD-070,C070,"Yes, helicopter just crashed. A helicopter just crashed? Yes, sir. I think we're about to get started.",Traffic Accident,Unknown Location,Calm,0.4
AUD-071,C071,"Good enough, Avenue. Someone is running around the neighborhood shooting a gun. Okay, they're in a car.",Crime/Assault,Avenue,Distressed,0.85
AUD-072,C072,"Hey, who's it? Sheriff's office can I help you? Yeah, who's this, Gendy? Who's it?",Emergency Report,Unknown Location,Calm,0.4
AUD-073,C073,"of your emergency. A month has spoken to my house and my time is taking. Please come hurry. Okay, what's your address?",Emergency Report,Unknown Location,Calm,0.4
AUD-074,C074,"Do I need any of them to please after or won't? Okay, you need a police officer? Yeah",Emergency Report,Unknown Location,Calm,0.4
AUD-075,C075,"Oh my God, I'm on third Avenue to wherever I'll track somebody just tried to jump on the train and sever her legs.",Emergency Report,Third Avenue,Calm,0.4
AUD-076,C076,"I hopped, there's a sitting on arm, yeah, like we're sitting. Sitting with, sitting there, I hopped, in the ass.",Emergency Report,Unknown Location,Calm,0.4
AUD-077,C077,obviously.,Emergency Report,Unknown Location,Calm,0.4
AUD-078,C078,I have just smothered my way.,Emergency Report,Unknown Location,Calm,0.4
AUD-079,C079,"We're on the boat right now. My friend says, got it by the shark. We have to make...",Emergency Report,Unknown Location,Calm,0.4
AUD-080,C080,"Yes, I got I just shot someone in my business on that 59 31",Emergency Report,Unknown Location,Calm,0.4
AUD-081,C081,"We got some shootings over here in Silbeach. Okay, where? The salon in the Maritala.",Emergency Report,Silbeach,Calm,0.4
AUD-082,C082,"I just killed someone, a hundred, about 40.",Emergency Report,Unknown Location,Calm,0.4
AUD-083,C083,"Okay, yes, Emily, Katie, and the traffic search. She's in the city of La Clacetta and her accelerators suspect she can't stop the vehicle.",Emergency Report,La Clacetta,Calm,0.4
AUD-084,C084,"I got a report of shooting. Okay, where? Lehigh Hansen for Minette.",Emergency Report,Minette,Calm,0.4
AUD-085,C085,"We need the police here. Okay, what's the address of the emergency? The other.",Emergency Report,Unknown Location,Calm,0.4
AUD-086,C086,"Okay, we've got a fire down here at the Route 7 right here at Abington.",Fire/Structure Incident,Route 7,Distressed,0.85
AUD-087,C087,I want to tell you what's happening first. I just killed my wife. There's no where you're at. What? Where you need to pull.,Emergency Report,Unknown Location,Calm,0.4
AUD-088,C088,"What do we say? What happened? I'm sorry, I'm sorry. I'm sorry.",Emergency Report,Unknown Location,Calm,0.4
AUD-089,C089,We have been shot at a house in South Mim2. We have three children and we leave somebody here now.,Emergency Report,South Mim2,Calm,0.4
AUD-090,C090,"You said, I instead come to concert say",Emergency Report,Unknown Location,Calm,0.4
AUD-091,C091,"I'm behind the Noseville for Vata, license plate, CEG 8148, and we've been all over the road.",Emergency Report,The Noseville For Vata,Calm,0.4
AUD-092,C092,4202 Mallor circle. Two men have just crossed my fence to try.,Emergency Report,Unknown Location,Calm,0.4
AUD-093,C093,What city are you in?,Emergency Report,Unknown Location,Calm,0.4
AUD-094,C094,I am going eastbound on I-10 between LA-30 and LA-44.,Emergency Report,Unknown Location,Calm,0.4
AUD-095,C095,"Yes, we need officer right now. There's a man shooting at the lady. We need a cop. We're at. We're on it.",Emergency Report,Unknown Location,Calm,0.4
AUD-096,C096,"Yes, ma'am. This is the old and the great the the the the the the the the the the the the the the the the the",Emergency Report,Unknown Location,Calm,0.4
AUD-097,C097,your meditation. I am a little boy having a new name. Let me get a gun nest. Don't hang up sir.,Crime/Assault,Unknown Location,Distressed,0.85
AUD-098,C098,"Okay, I call before and I already pay in back. All right, so aren't we going to...",Emergency Report,Unknown Location,Calm,0.4
AUD-099,C099,"Yeah, I'm putting myself in for my husband, the number.",Emergency Report,Unknown Location,Calm,0.4
AUD-100,C100,"I'm someone's breaking into my house. Wish I'd grab. Sophie, six, seven, eight, four, five, what?",Emergency Report,Sophie,Calm,0.4
AUD-101,C101,"I know. I'm sorry, Gordon. I know when she shot me with... I can go.",Emergency Report,Unknown Location,Calm,0.4
AUD-102,C102,"Yes, sir. I've got this middle school. We have a student with a dunking up help us out. Please call B.I.C. police also",Emergency Report,B.I.C.,Calm,0.4
AUD-103,C103,I'm not sure if I'm going to get by train. Why was you hit by a train? My friend. Where are you?,Emergency Report,Unknown Location,Calm,0.4
AUD-104,C104,an ambulance to the south side Walmart immediately. What's going on? I have a man shot.,Emergency Report,Walmart,Calm,0.4
AUD-105,C105,"You said it doesn't matter to anyone. You pressed Or novice and you turned a river, you turned a river in me again. You shot him. You shot him.",Emergency Report,Unknown Location,Calm,0.4
AUD-106,C106,"I'm hoping. I'll leave in the lab, I think someone is trying to come in.",Emergency Report,Unknown Location,Calm,0.4
AUD-107,C107,"I need a nice grey billed place, I don't care who's 15612.",Traffic Accident,Unknown Location,Calm,0.4
AUD-108,C108,"I don't know but you have 4,000",Emergency Report,Unknown Location,Calm,0.4
AUD-109,C109,We have a I think we have a dead person in here. Okay. I don't know what happened.,Emergency Report,Unknown Location,Calm,0.4
AUD-110,C110,"I'm almost in Wonder Rock, the US bank, and I just need to be sure to tell myself then.",Crime/Assault,Wonder Rock,Distressed,0.85
AUD-111,C111,What are you? The emergency hotline. Who are you?,Emergency Report,Unknown Location,Calm,0.4
AUD-112,C112,It's a business. I believe it's been robbed. What's the name of the business? Flying biscuit.,Crime/Assault,Unknown Location,Distressed,0.85
AUD-113,C113,"and what is your emergency? Hi, my name is Mickey. I'm the manager at the McDonald's. I'm very intrigued. Yeah. There's a woman who is so cute.",Emergency Report,Mcdonald,Calm,0.4
AUD-114,C114,I think we're on 75. I 75? Yes. Okay.,Emergency Report,Unknown Location,Calm,0.4
AUD-115,C115,Something is going on. Do you know the south number?,Emergency Report,Unknown Location,Calm,0.4
AUD-116,C116,"I keep blow-drow. We have blitz. Okay, I'm sorry you have blitz.",Emergency Report,Unknown Location,Calm,0.4
AUD-117,C117,Are you out of the house yet? No. Or I get out of the house. We can't.,Emergency Report,Unknown Location,Calm,0.4
AUD-118,C118,emergency. My focus is on that please come. We're going to say the address is not here for me. What city are you in?,Emergency Report,Unknown Location,Calm,0.4
AUD-119,C119,"Oh, darling, he's ill. Who is this? I told my father right to help.",Emergency Report,Unknown Location,Calm,0.4
AUD-120,C120,Include? Just because he's someone to you?,Emergency Report,Unknown Location,Calm,0.4
AUD-121,C121,"Um, we have somebody. Sorry.",Emergency Report,Unknown Location,Calm,0.4
AUD-122,C122,I think somebody is breaking in the house. We just came from school and put our pajamas on. We really scared.,Traffic Accident,Unknown Location,Calm,0.4
AUD-123,C123,"Um, I always offers, kind of, my mom's on a floor.",Emergency Report,Unknown Location,Calm,0.4
AUD-124,C124,emergency. I just shot my wife. Can you tell me the address that you're off?,Emergency Report,Unknown Location,Calm,0.4
AUD-125,C125,I think we need a place at the Walmart Super Center in Miss Kogi. That's what we got.,Emergency Report,The Walmart Super Center,Calm,0.4
AUD-126,C126,"Yeah, I need the Polo here. 963, he's 363. There's somebody in the house with a grimole.",Emergency Report,Unknown Location,Calm,0.4
AUD-127,C127,corner of 119 and counting road 1 we just saw plane go down to the,Emergency Report,Unknown Location,Calm,0.4
AUD-128,C128,"A plane just crashed. Okay, you said three miles south of Union reservoir.",Traffic Accident,Union,Calm,0.4
AUD-129,C129,"Yes, it is a police station. Yes, it is. May I help you? Yes, okay. I put this as ridiculous.",Emergency Report,Unknown Location,Calm,0.4
AUD-130,C130,I know there's an ambulance on the TV for this little boy. Okay. And there's a young man.,Emergency Report,Unknown Location,Calm,0.4
AUD-131,C131,"Hi, we just witnessed the vehicle accident on the train ja",Traffic Accident,Unknown Location,Calm,0.4
AUD-132,C132,There's a horrible accident on 7 mile fare in highway 94.,Traffic Accident,Unknown Location,Calm,0.4
AUD-133,C133,"Hi, there was a accident. We just witnessed three cars just been full motion.",Traffic Accident,Unknown Location,Calm,0.4
AUD-134,C134,I was told to call my dad to tell whatever I had.,Emergency Report,Unknown Location,Calm,0.4
AUD-135,C135,"He only found his dad's old proofs best, but I don't know.",Emergency Report,Unknown Location,Calm,0.4
AUD-136,C136,Hello. Just for Blast. Hello.,Emergency Report,Unknown Location,Calm,0.4
AUD-137,C137,"There has been a murder suicide. There is no survivors. Please send help. Okay, what's going on? Who? What's going on?",Emergency Report,Unknown Location,Calm,0.4
AUD-138,C138,यह पलीज वारा हैं वार वार वार वार वार वार वार,Emergency Report,Unknown Location,Calm,0.4
AUD-139,C139,"Yeah, I'd like to report it to you, please. Okay. Be the thrills.",Emergency Report,Unknown Location,Calm,0.4
AUD-140,C140,"I just shot my wife. Okay, and what's your address?",Emergency Report,Unknown Location,Calm,0.4
AUD-141,C141,"Yo! Cole Kunner! Uh oh, stop So... I'm dead! It's okay man!",Emergency Report,Unknown Location,Calm,0.4
AUD-142,C142,A woman came under her house screaming that her son had shot for her husband.,Emergency Report,Unknown Location,Calm,0.4
AUD-143,C143,"Hi, I hear a girlfriend just pulled up and there's a guy pull up and truck behind him and we think he has a gun.",Crime/Assault,Unknown Location,Distressed,0.85
AUD-144,C144,"Hi, Edons, Unshots. We're all on the floor. You're doing what? They think Unshots.",Emergency Report,Unshots,Calm,0.4
AUD-145,C145,I'm not talking about this. I'm talking about this. I'm talking about this.,Emergency Report,Unknown Location,Calm,0.4
AUD-146,C146,"Someone with murder, I think. Where are you? No, please, you're gonna let me... I need you.",Emergency Report,Unknown Location,Calm,0.4
AUD-147,C147,It was guys just in my mom and my niece and my sister all the while they've been treated.,Emergency Report,Unknown Location,Calm,0.4
AUD-148,C148,"I have a gun shop victim here. Okay, I'm going to hurry.",Crime/Assault,Unknown Location,Distressed,0.85
AUD-149,C149,I just come in to pick it up my trash and my major is in the house. I've got no...,Emergency Report,Unknown Location,Calm,0.4
AUD-150,C150,в<|es|> pesar務,Emergency Report,Unknown Location,Calm,0.4
AUD-151,C151,You need to see this ran over and they said that the boy just shot his mom. We've had to pull.,Emergency Report,Unknown Location,Calm,0.4
AUD-152,C152,I requested a state police to come out. I would like state police to...,Emergency Report,Unknown Location,Calm,0.4
AUD-153,C153,I had a guy kicking in my door or trying to kick in my front door. I don't know what his problem was.,Crime/Assault,Unknown Location,Distressed,0.85
AUD-154,C154,in 59 to capture races. There's been a shooting. Somebody came in and shot a bunch of people. I'm hiding in the bed after a mall.,Emergency Report,Unknown Location,Calm,0.4
AUD-155,C155,exit of this game coming from the beach. There's a guy that's completely naked who has closed all of the...,Emergency Report,Unknown Location,Calm,0.4
AUD-156,C156,There's a naked man or the men's cars way at the end of the car way coming towards this,Traffic Accident,Unknown Location,Calm,0.4
AUD-157,C157,So hi I'm Erie C. I'm Erie C. I'm my great-for-delie.,Emergency Report,Unknown Location,Calm,0.4
AUD-158,C158,I have a boy that was underwater and he's not breathing. How old is the boy? Four.,Emergency Report,Unknown Location,Calm,0.4
AUD-159,C159,Are you inside the house? Yes. Are you alone inside the house? Yes.,Emergency Report,Unknown Location,Calm,0.4
AUD-160,C160,someone on the back porch of black man. And what is your address? 3613 lady woodland.,Emergency Report,Unknown Location,Calm,0.4
AUD-161,C161,"I'm gonna take a look at how I put it. How the power of this kit. Well, we'll put it up over there now.",Emergency Report,Unknown Location,Calm,0.4
AUD-162,C162,I'm going to come and stop. Where are you at? I'm at the end.,Emergency Report,Unknown Location,Calm,0.4
AUD-163,C163,What kind of appearance is that? Your wet? What kind of appearance is that? Your panty is a shot.,Emergency Report,Unknown Location,Calm,0.4
AUD-164,C164,We had several police tire earlier and did a report.,Emergency Report,Unknown Location,Calm,0.4
AUD-165,C165,"Oh, right, brother. It's having a great time in the hotel. Okay.",Emergency Report,Unknown Location,Calm,0.4
AUD-166,C166,I just strangled my girlfriend. You just strangled your girlfriend? Yep. What's your name?,Emergency Report,Unknown Location,Calm,0.4
AUD-167,C167,"Okay, we've had an airboat accident. I'm not sure if they're all injuries. I don't know to what extent.",Traffic Accident,Unknown Location,Calm,0.4
AUD-168,C168,"Hey, I see a mead down",Emergency Report,Unknown Location,Calm,0.4
AUD-169,C169,A fan of that support Oh Drink,Emergency Report,Unknown Location,Calm,0.4
AUD-170,C170,I'm going to go now. I'll be right there. Do you have a hand for them? Yes. Do you have a hand for them?,Emergency Report,Unknown Location,Calm,0.4
AUD-171,C171,Habt Ihr Lävauge da something ?,Emergency Report,Unknown Location,Calm,0.4
AUD-172,C172,I was just going to six temple and there was a I was in the parking lot and there was a bunch of,Emergency Report,Unknown Location,Calm,0.4
AUD-173,C173,"Yes, somebody just send my baby please get here. They just did what?",Emergency Report,Unknown Location,Calm,0.4
AUD-174,C174,"Oh, there's a fucking dead man in the car. Roger for me, young.",Traffic Accident,Unknown Location,Calm,0.4
AUD-175,C175,Can I help you? Somebody who's broken our daughter's trying to break into my bedroom. What's your address?,Emergency Report,Unknown Location,Calm,0.4
AUD-176,C176,"Please, before I get through, I have my shirt in here. The shirt is where, where on issue the cat, where at?",Emergency Report,Unknown Location,Calm,0.4
AUD-177,C177,"Please fire. 9-1-1. My hands will be having a harder time. Brooke, we're going to start CPR on the hem. Okay?",Fire/Structure Incident,Unknown Location,Distressed,0.85
AUD-178,C178,you. I'll do you off with the shots. With what agency sir?,Emergency Report,Unknown Location,Calm,0.4
AUD-179,C179,I just killed my mom and my sister. What? I just killed my mom and my sister.,Emergency Report,Unknown Location,Calm,0.4
AUD-180,C180,How come because I'm at a port in my side and this is it? What park are you in?,Emergency Report,Unknown Location,Calm,0.4
AUD-181,C181,"We have two boards, two boards. Do you have lights to service? We have lights to service. Are you in the water now?",Emergency Report,Unknown Location,Calm,0.4
AUD-182,C182,"It's been with gardens and sin as possible to the ladies. It was like, I've never had a hard problem. What is a dad's life?",Crime/Assault,Unknown Location,Distressed,0.85
AUD-183,C183,I just committed a father's worst sin. Okay. I just shot my daughter and...,Emergency Report,Unknown Location,Calm,0.4
AUD-184,C184,"Yes, I have a three year old who's not breathing. To address men. 1 6 0 9 7 Northwater.",Emergency Report,Unknown Location,Calm,0.4
AUD-185,C185,I have an emergency. I have three dead people up on top. It's called Hanley flat up Wolfhand. My name is,Emergency Report,Hanley,Calm,0.4
AUD-186,C186,"Who's finished shooting? Okay, who was shot?",Emergency Report,Unknown Location,Calm,0.4
AUD-187,C187,"N5631, Sahel Road.",Emergency Report,Unknown Location,Calm,0.4
AUD-188,C188,"Um, I don't know a guy stopped me. I think his wife is strong with his wife. He's",Emergency Report,Unknown Location,Calm,0.4
AUD-189,C189,We need help my husband to shop my son,Emergency Report,Unknown Location,Calm,0.4
AUD-190,C190,"Place, this is Dale Ford, Passdresser, 217th. I'm called a bugger or in my shop. 217 North 7.",Emergency Report,Unknown Location,Calm,0.4
AUD-191,C191,"Come on in your side, busing up vehicle man. I don't know where you're at, where are you?",Emergency Report,Unknown Location,Calm,0.4
AUD-192,C192,"have you got any reports of a building exposure? Yes we have, it's going to be Jerry Maschick in North La...",Emergency Report,North La,Calm,0.4
AUD-193,C193,"I love this in the middle of the night. Get the hell out of my life, baby! There's a lot of good bad kids, baby!",Emergency Report,Unknown Location,Calm,0.4
AUD-194,C194,We just have the explosion at the front of our door. Yes sir. The chemical delivery is coming.,Emergency Report,Unknown Location,Calm,0.4
AUD-195,C195,"Gary Masek-Grab, all the house blew up. Now's the windshield out of my pick-up.",Emergency Report,Unknown Location,Calm,0.4
AUD-196,C196,Thank you very much.,Emergency Report,Unknown Location,Calm,0.4
AUD-197,C197,"Yes, the 1000 exploded. Okay, what's the end like? 1879.",Emergency Report,Unknown Location,Calm,0.4
AUD-198,C198,"Oh, dude, the guy with the Josh suit is a new world ball right now. He's a sucker with the ball right now. Okay, can I have a...",Emergency Report,Unknown Location,Calm,0.4
AUD-199,C199,"I'm a name of Hans Walters. I work for a lot of Vegas, much upon a police department.",Emergency Report,Unknown Location,Calm,0.4
AUD-200,C200,Can you please send rescue to I think I'm having,Emergency Report,Unknown Location,Calm,0.4
AUD-201,C201,"I'm out of saw high school, there's a guy with a gun. Let's go to the chase, go. Last one's saw.",Crime/Assault,Unknown Location,Distressed,0.85
AUD-202,C202,You need police fire ambulance.,Fire/Structure Incident,Unknown Location,Distressed,0.85
AUD-203,C203,"We have a shooter in the store. Okay, do you know if anybody's injured?",Emergency Report,Unknown Location,Calm,0.4
AUD-204,C204,Okay. Okay. I need to get your stuff to a safe location.,Emergency Report,Unknown Location,Calm,0.4
AUD-205,C205,emergency. We're out of the town center.,Emergency Report,Unknown Location,Calm,0.4
AUD-206,C206,"911. Clackerman's town center, Frederick's of Hollywood, fired in the mouth. Okay, there will be other words.",Fire/Structure Incident,Clackerman,Distressed,0.85
AUD-207,C207,"Hi, I'm a suicidal teenager at House 503 Nighthawk Drive. I need an ambulance immediately.",Emergency Report,House 503 Nighthawk Drive,Calm,0.4
AUD-208,C208,"500 feet, roll the cop, roll an ambulance, shots fired, a baby's been hit in the head.",Fire/Structure Incident,Unknown Location,Distressed,0.85
AUD-209,C209,Can you get an ambulance in a cop? Get the over to 59 Alderwood drives. 59 what? Alderwood.,Emergency Report,Unknown Location,Calm,0.4
AUD-210,C210,"Hi, the gentleman was just talking to me about someone who's broken.",Emergency Report,Unknown Location,Calm,0.4
AUD-211,C211,"But, hurry up, this is the bivy. It happened. This is the bivy. He can't snuck it on my door earlier.",Emergency Report,Unknown Location,Calm,0.4
AUD-212,C212,But we went to the quails unlimited dinner last night and the cylinder might hear it looks like you hit it head in the...,Emergency Report,Unknown Location,Calm,0.4
AUD-213,C213,Get empty over here. Come under in shot 1220. Call the grab avenue 1220,Emergency Report,The Grab Avenue,Calm,0.4
AUD-214,C214,[Background noise / Dispatched tone / No clear speech],Emergency Report,Unknown Location,Calm,0.2
AUD-215,C215,"I'm at 69, 69 East Main. My son just shot his wife.",Emergency Report,Unknown Location,Calm,0.4
AUD-216,C216,"I don't know. Yes sir, I do push car right now. 504J3. 5041.",Traffic Accident,Unknown Location,Calm,0.4
AUD-217,C217,"Yes, ma'am. Yeah, this is your last seat. Shot fired, same thing.",Fire/Structure Incident,Unknown Location,Distressed,0.85
AUD-218,C218,"Yeah, I just attend to kill my mother if I step out there. Okay, where are you at sir?",Emergency Report,Unknown Location,Calm,0.4
AUD-219,C219,"Yes, we're at a pool and I have a little girl that keeps down and she's not breathing. Trying to see if you are like...",Emergency Report,Unknown Location,Calm,0.4
AUD-220,C220,"My neighbor's house is burning down at 312 Washington Avenue. We're on our ways, anybody inside?",Fire/Structure Incident,Washington Avenue,Distressed,0.85
AUD-221,C221,Great job Looking so long Did we both need to go from here?,Emergency Report,Unknown Location,Calm,0.4
AUD-222,C222,I'm reporting an airplane crash at a SSO. An airplane crash at SSO?,Traffic Accident,Sso,Calm,0.4
AUD-223,C223,"high, we just, where's the emphasis to airport in our airplane just crashed upon landing.",Traffic Accident,Unknown Location,Calm,0.4
AUD-224,C224,"I'm in the hammer now, I'm going to wait. To wait a little bit. Wait a little bit.",Emergency Report,Unknown Location,Calm,0.4
AUD-225,C225,"Why did I move the fire alarm office? Okay, this is county. It's a matter of...",Fire/Structure Incident,Unknown Location,Distressed,0.85
AUD-226,C226,"Yeah, this is emergency. I'm a cab driver this guy. He say...",Emergency Report,Unknown Location,Calm,0.4
AUD-227,C227,I'm going to see. Dance away! What happened to me? I don't know. I'm in the way. It's please.,Emergency Report,Unknown Location,Calm,0.4
AUD-228,C228,Help me help me quick. I'm the only one who can be on the court. I know.,Emergency Report,Unknown Location,Calm,0.4
AUD-229,C229,When emergency,Emergency Report,Unknown Location,Calm,0.4
AUD-230,C230,"And there's a fire on the cemetery, a bridge into one of the gates. And on the cemetery.",Fire/Structure Incident,Unknown Location,Distressed,0.85
AUD-231,C231,"Yes ma'am, I'm on second avenue in the school and the gentleman said tell them to hold down the police office are coming to here",Emergency Report,Unknown Location,Calm,0.4
AUD-232,C232,He's in the house.,Emergency Report,Unknown Location,Calm,0.4
AUD-233,C233,"Yes, our ammunition is help. I'm trapped in the back side of this force bar.",Emergency Report,Unknown Location,Calm,0.4
AUD-234,C234,I'm watching Mike Donnell's up here. And I order like seven birds.,Emergency Report,Unknown Location,Calm,0.4
AUD-235,C235,"Oh my God, so many students at the Sheriff Department. At the Sheriff Department? Yes, so building place.",Emergency Report,The Sheriff Department,Calm,0.4
AUD-236,C236,"Yes, I didn't tacked by a man in the woods while I was hunting. Please send the police to my location.",Emergency Report,Unknown Location,Calm,0.4
AUD-237,C237,"On the boat, it ends up Radio lighting and electric supply building Radio lighting and the",Emergency Report,Radio,Calm,0.4
AUD-238,C238,"Yes, this is Shにゃすぎ! Shにゃすぎ! How about all these?",Emergency Report,Unknown Location,Calm,0.4
AUD-239,C239,"Now, here seems to be a bad fight next story.",Emergency Report,Unknown Location,Calm,0.4
AUD-240,C240,"I don't think so now and we all been followed. You need to hurry, we can only...",Emergency Report,Unknown Location,Calm,0.4
AUD-241,C241,"I think some people are shooting. Okay, and SSF. Okay.",Emergency Report,Ssf,Calm,0.4
AUD-242,C242,I'm about to kill people. You're about to kill people? Yes. I had a deadly weapon in my...,Emergency Report,Unknown Location,Calm,0.4
AUD-243,C243,Hello. Hello? Hello.,Emergency Report,Unknown Location,Calm,0.4
AUD-244,C244,"The station is on sunset, Larby, please come here. Okay, calm down a little bit, okay, what's he at?",Emergency Report,Larby,Calm,0.4
AUD-245,C245,"Um, my friend, who's my birthday gift, who I got to know.",Emergency Report,Unknown Location,Calm,0.4
AUD-246,C246,"I'm working for the head. I'm calling my son. I'm just getting asked. What's your address, ma'am? What's your address? What's your address?",Emergency Report,Unknown Location,Calm,0.4
AUD-247,C247,"Oh, I'm just very upset. And I'm...",Emergency Report,Unknown Location,Calm,0.4
AUD-248,C248,But guess what the fox has broke out and the lady come running out of the man from man is in there Tuding everyone,Emergency Report,Fox,Calm,0.4
AUD-249,C249,"Okay, I'm at Wild Cash even. We've had a lot of our keepers.",Emergency Report,Unknown Location,Calm,0.4
AUD-250,C250,This is my goodest five or five each financial. I got the people in my yard and their dogs are my...,Emergency Report,Unknown Location,Calm,0.4
AUD-251,C251,"I've been called over to my father in law to have, because he got off the phone with my mother in law and he's been flexing up and stuff.",Emergency Report,Unknown Location,Calm,0.4
AUD-252,C252,There was this time I go and what a road is this? Red arrow going down.,Emergency Report,Unknown Location,Calm,0.4
AUD-253,C253,"My girlfriend is right and I think she's dead. I need someone here now. Okay, she breathing.",Emergency Report,Unknown Location,Calm,0.4
AUD-254,C254,I'm sorry. Any hoax school. I think there's somebody shooting in here. Sandy hoax school. Okay. What makes you a,Emergency Report,Unknown Location,Calm,0.4
AUD-255,C255,"emergency. Say you look at elementary school, 12 dickies and drugs. Okay, I've got that. What's going on down there?",Emergency Report,Unknown Location,Calm,0.4
AUD-256,C256,I can still draw. It sounds like they're contacting the hallway. I'm a teacher in the school. Okay. Where are you in the school?,Emergency Report,Unknown Location,Calm,0.4
AUD-257,C257,"Yes, my husband's on the front there's a car here within a soul rifle shooting it's police and aiming at our house",Traffic Accident,Unknown Location,Calm,0.4
AUD-258,C258,"emergency. Oh, please hurry. This is one nine. Wind him court. We",Emergency Report,Unknown Location,Calm,0.4
AUD-259,C259,"by the door. If anybody comes down here I'm shooting. Okay, don't, we don't want to shoot anyone else, okay? So, what's all this?",Emergency Report,Unknown Location,Calm,0.4
AUD-260,C260,there. We got a we got a student athlete who was on the court moaning.,Emergency Report,Unknown Location,Calm,0.4
AUD-261,C261,"I have a nine week old infant and he just stopped breathing. Damn, I'm a white-up man. Okay.",Emergency Report,Unknown Location,Calm,0.4
AUD-262,C262,"We believe that there is a schooner. We have heard at least two shots. Okay, what is the next?",Emergency Report,Unknown Location,Calm,0.4
AUD-263,C263,I went to the shoes of the old path and I went there I didn't know until the weather got sour amendment. This letter was fine. I was born in 2012. It was actually a year ago. I didn't know about it.,Emergency Report,Unknown Location,Calm,0.4
AUD-264,C264,gunshot went to the chest. Number B.,Crime/Assault,Unknown Location,Distressed,0.85
AUD-265,C265,Can you hold for just a second? I just saw somebody running to the Comfort Bank on Thomas in 2020.,Crime/Assault,The Comfort Bank On Thomas,Distressed,0.85
AUD-266,C266,Cities,Emergency Report,Unknown Location,Calm,0.4
AUD-267,C267,"the railroad tracks, we've got to train that to D rail the National Fire.",Fire/Structure Incident,Unknown Location,Distressed,0.85
AUD-268,C268,He got sand. He goes through the pit dug. More of thesurprise.,Emergency Report,Unknown Location,Calm,0.4
AUD-269,C269,emergency.,Emergency Report,Unknown Location,Calm,0.4
AUD-270,C270,"I just had a lottery to steal a beer at all. All right, hold on, first share our stuff. Let's go. All right, hold on.",Crime/Assault,Unknown Location,Distressed,0.85
AUD-271,C271,"So there's been a gunshot at the cop theater, movie theater, cop, and what's the chapel gunshot, to the chat.",Crime/Assault,Unknown Location,Distressed,0.85
AUD-272,C272,I'm gonna come in with your name. What is your name?,Emergency Report,Unknown Location,Calm,0.4
AUD-273,C273,"the crazy. He's been stabbed really bad. Okay, let's be breathing ma'am.",Emergency Report,Unknown Location,Calm,0.4
AUD-274,C274,"Watch out and upload. You're lame, don't believe that. My god poetic face looks nothing. My household head! Don't lie to me. Don't lie to me. Don't lie to me. Don't lie to me. So tell the man. It's me. Let go of him. Let go. So I'm lying to you. I want to see that brand.去香港最多的地方. You are the lowest damn Shark Rider in Israel.die and get through this your best. Leave the Está Meal.",Emergency Report,Israel.Die,Calm,0.4
AUD-275,C275,"My daughter is choking on a bouncy ball. Okay, and you're at 25, 25 North 10th Street? Yes, is she?",Emergency Report,Unknown Location,Calm,0.4
AUD-276,C276,"Well, am I 41 going south and I'm going to do a cross street right now?",Emergency Report,Unknown Location,Calm,0.4
AUD-277,C277,emergency i'll have insert,Emergency Report,Unknown Location,Calm,0.4
AUD-278,C278,Pardon me NY cognition Where's the fire at ?연 MY pistula,Fire/Structure Incident,Unknown Location,Distressed,0.85
AUD-279,C279,payback police chief uh... with having a vehicle pulled across the street in the residence come on jottis,Emergency Report,Unknown Location,Calm,0.4
AUD-280,C280,I've been taken out of my house at gunpoint. I'm going to head to the police station.,Crime/Assault,Unknown Location,Distressed,0.85
AUD-281,C281,And my neighbor just knocked on my door. And I heard this mission. We went down to where the mail box is.,Emergency Report,Unknown Location,Calm,0.4
AUD-282,C282,المكان لك لنا ذهب في الطمان المفياهو toman هذا pink,Emergency Report,Unknown Location,Calm,0.4
AUD-283,C283,on. Land is on the ground. I didn't go and check you. A male is on the ground? Yes.,Emergency Report,Unknown Location,Calm,0.4
AUD-284,C284,"Yes, I live at the 9301 South Secretary of State, Harvard A. I got a gentle",Emergency Report,State,Calm,0.4
AUD-285,C285,"This is Caliola, the transfer at your Beth Western. I'm a 1-14, someone has been shot in the neck. They're going to need medical assistance.",Emergency Report,Caliola,Calm,0.4
AUD-286,C286,We're missing a child. Three years old. You're missing a three year old.,Emergency Report,Unknown Location,Calm,0.4
AUD-287,C287,"What exactly what happened? My wife's pregnant and she says she made the hospital, she says she can't read them.",Emergency Report,Unknown Location,Calm,0.4
AUD-288,C288,"I am on half road, I am in water, and it's taken me away. Hey man, we're on the...",Emergency Report,Unknown Location,Calm,0.4
AUD-289,C289,"OK, 134 right.",Emergency Report,Unknown Location,Calm,0.4
AUD-290,C290,"My walk up up up a little. Okay, let's go up the bottle with a carrot there. You've got movie. There.",Traffic Accident,Unknown Location,Calm,0.4
AUD-291,C291,"I got a collar on the line, she's got to be quiet, somebody just broken door house, 436, Lowell Street.",Emergency Report,Lowell Street,Calm,0.4
AUD-292,C292,"I'm having one of my moments in shot. Okay, so it's medical. Is it medical, son?",Emergency Report,Unknown Location,Calm,0.4
AUD-293,C293,I've got a woman in my bank pointing a rifle at all of us and all of our customers. I need police now.,Crime/Assault,Unknown Location,Distressed,0.85
AUD-294,C294,"We walked contact with two carriers, with the carrier and somebody else.",Traffic Accident,Unknown Location,Calm,0.4
AUD-295,C295,"Where's your emergency? I need an ambulance to let on one colony. Okay, what's going on? What's going on? Okay.",Emergency Report,Unknown Location,Calm,0.4
AUD-296,C296,We need an ambulance. We're going on. My mom keeps...,Emergency Report,Unknown Location,Calm,0.4
AUD-297,C297,"Okay, what the problem on wrong and office? Something's what? You know, something wrong and office, I believe. What do you mean something?",Crime/Assault,Unknown Location,Distressed,0.85
AUD-298,C298,Are little boys not breathing? Is he breathing now? No he's not.,Emergency Report,Unknown Location,Calm,0.4
AUD-299,C299,"Yeah, I saw somebody up on 10th Street on the airport. Okay, you did.",Emergency Report,10Th Street,Calm,0.4
AUD-300,C300,"Um, my mother fed down. Okay, your mama fell down? Yeah. Okay, where are you at?",Emergency Report,Unknown Location,Calm,0.4
AUD-301,C301,"My kids have been in this for three o'clock today, my seven-year-old and my three-year-old.",Emergency Report,Unknown Location,Calm,0.4
AUD-302,C302,I have been missing since 7 o'clock this morning and,Emergency Report,Unknown Location,Calm,0.4
AUD-303,C303,I have someone here that I need to be arrested in my home.,Emergency Report,Unknown Location,Calm,0.4
AUD-304,C304,Hello. Hello. Hello. Hello. Hello. Hello.,Emergency Report,Unknown Location,Calm,0.4
AUD-305,C305,"Hi, I'm speaking to my boyfriend and he was entering his home and I heard loud screaming and now this dead",Emergency Report,Unknown Location,Calm,0.4
AUD-306,C306,fires guicon electrical,Fire/Structure Incident,Unknown Location,Distressed,0.85
AUD-307,C307,"I can't bite my wife, so I'll feed her the bathtub and I think she gets. I'll let you, I'll see how it goes.",Emergency Report,Unknown Location,Calm,0.4
AUD-308,C308,We have a bare molley. I am out on the trail. I just wanted to take this time.,Emergency Report,Unknown Location,Calm,0.4
AUD-309,C309,"No, I should go to my room. I need a policeman. And ambulance in my house. Make my way out. Man. Yo, listen.",Emergency Report,Unknown Location,Calm,0.4
AUD-310,C310,This is an emergency run hike. I'm going to make my walk or hike in my kitchen in the smokey.,Fire/Structure Incident,Unknown Location,Distressed,0.85
AUD-311,C311,"North Austin, the ? look like we Jisk Herよう",Emergency Report,Unknown Location,Calm,0.4
AUD-312,C312,2313 what? 2313 cabrits. 2313 cabrits. Yes.,Emergency Report,Unknown Location,Calm,0.4
AUD-313,C313,I'm sorry I've got to admit.,Emergency Report,Unknown Location,Calm,0.4
AUD-314,C314,"Yes, well I walked in my car and you're like in your car out of your car. Yes, in my car.",Traffic Accident,Unknown Location,Calm,0.4
AUD-315,C315,"You look like you need it, come slow. You just need a towel to come over here.",Emergency Report,Unknown Location,Calm,0.4
AUD-316,C316,"A child who has been left on my doorstep. Okay, what's your address?",Emergency Report,Unknown Location,Calm,0.4
AUD-317,C317,On jokes with my dog.,Emergency Report,Unknown Location,Calm,0.4
AUD-318,C318,Bangas tragedy is our thaq so it's Knoja boaoit foot,Emergency Report,Unknown Location,Calm,0.4
AUD-319,C319,Exactly what happened. There was two trains just collided outside of our metro link.,Emergency Report,Unknown Location,Calm,0.4
AUD-320,C320,"Yes, ma'am. My name is Special Agent Richard A Smith. That's number zero time.",Emergency Report,Unknown Location,Calm,0.4
AUD-321,C321,"We'll be in the office, I'll guide you by 9. Please try. We're all bleeding.",Emergency Report,Unknown Location,Calm,0.4
AUD-322,C322,"Hello, it's the state police and the gentleman's girlfriend is having a baby right now. Okay, sir.",Emergency Report,Unknown Location,Calm,0.4
AUD-323,C323,I don't know if I'll make it. I'm trying to...,Emergency Report,Unknown Location,Calm,0.4
AUD-324,C324,"My boyfriend is outside, he has been stabbed. Okay. And he's...",Emergency Report,Unknown Location,Calm,0.4
AUD-325,C325,I'm the guy that's in pretty big trouble right now. You're in pretty big trouble? What's your name?,Emergency Report,Unknown Location,Calm,0.4
AUD-326,C326,"Yes, I think everybody's clicking into my house. Please. Okay, stay on the phone. I mean, why did you think someone's trying to break a...",Emergency Report,Unknown Location,Calm,0.4
AUD-327,C327,The nightgum is a bad little bird. We can't walk further. We have streamlined... Drunnormy Drunnormy,Emergency Report,Unknown Location,Calm,0.4
AUD-328,C328,I think my son's been killed. We're at. We're in the Evergreen...,Emergency Report,Evergreen,Calm,0.4
AUD-329,C329,The update has already been released. I think he's going to try to kill himself. I need an A.,Emergency Report,Unknown Location,Calm,0.4
AUD-330,C330,"Well, as said, emergency, you know why on one lane, on one side at the damn drawbridge, on 95...",Emergency Report,Unknown Location,Calm,0.4
AUD-331,C331,Come on. What? More now! There's nothing to talk about!,Emergency Report,Unknown Location,Calm,0.4
AUD-332,C332,"What are you into doing? The FAA agents that look like you're giving a heart attack or stroke or something, just",Emergency Report,Faa,Calm,0.4
AUD-333,C333,"Well, I just got a phone call saying that my friend, she was in the basement apartment of that house and apparently the",Emergency Report,Unknown Location,Calm,0.4
AUD-334,C334,There's a fire right here off the Broadway. Broadway and poetry.,Fire/Structure Incident,Broadway,Distressed,0.85
AUD-335,C335,I'm here. We just came into my sister's house and she's on the floor. Try the girl to mesh.,Emergency Report,Unknown Location,Calm,0.4
AUD-336,C336,My girlfriend left last night. We were at the Stevens-Ball and St. Nicholas.,Emergency Report,The Stevens-Ball,Calm,0.4
AUD-337,C337,"My cat, a cat, is a seven-month-old child. And I...",Emergency Report,Unknown Location,Calm,0.4
AUD-338,C338,and my friend was drinking and she woke me up and she's sick and now she's not responding.,Emergency Report,Unknown Location,Calm,0.4
AUD-339,C339,and it's a fire at somebody else called the stadium. You're on the ground. The avenue is at their avenue.,Fire/Structure Incident,Unknown Location,Distressed,0.85
AUD-340,C340,We need format.,Emergency Report,Unknown Location,Calm,0.4
AUD-341,C341,And you said somebody just left. Someone had finally heard the little voice like of the,Emergency Report,Unknown Location,Calm,0.4
AUD-342,C342,میری دریاد کارتے ہو دریہ میری ریور کی کار کار میری ریورتے ہو دریگا بھائی آجا,Emergency Report,بھائی,Calm,0.4
AUD-343,C343,Somebody got shot at? Somebody got shot at? Yeah.,Emergency Report,Unknown Location,Calm,0.4
AUD-344,C344,"Okay, what's the address?",Emergency Report,Unknown Location,Calm,0.4
AUD-345,C345,"emergency. Yeah, this is it from I had a little girl that fell on the ball and",Emergency Report,Unknown Location,Calm,0.4
AUD-346,C346,"The bedroom is on fire. I have to go fast. Okay, we're on the way.",Fire/Structure Incident,Unknown Location,Distressed,0.85
AUD-347,C347,"How you doing? I'd like to report like to a double murder in Cambridge, on it. Okay, do you know the answer? I know. You are.",Emergency Report,Cambridge,Calm,0.4
AUD-348,C348,"165 Airborne Road, I've been shot on 1675 Airport Road.",Emergency Report,Airborne Road,Calm,0.4
AUD-349,C349,"Отвар cubed, weeks integrateeras.",Emergency Report,Unknown Location,Calm,0.4
AUD-350,C350,I need some help. What's going on?,Emergency Report,Unknown Location,Calm,0.4
AUD-351,C351,Conjects if there's a fire. Give the fire at what address man?,Fire/Structure Incident,Unknown Location,Distressed,0.85
AUD-352,C352,"Hi, something just exploded at the end of Sayat. Okay, is there any...",Emergency Report,Sayat,Calm,0.4
AUD-353,C353,I think someone is trying to break into my home. Just stop at 56.,Emergency Report,Unknown Location,Calm,0.4
AUD-354,C354,on a date to meet my help,Emergency Report,Unknown Location,Calm,0.4
AUD-355,C355,"I'll say what's going on, he said I want to help Brown. He's on Brown, she's in the floor now. Okay, may I...",Emergency Report,Unknown Location,Calm,0.4
AUD-356,C356,I just shot my mother in my... You shot your mother?,Emergency Report,Unknown Location,Calm,0.4
AUD-357,C357,I just witnessed a shooting on third Avenue in Nickers. Third in Nickers and how many minutes.,Emergency Report,Third Avenue,Calm,0.4
AUD-358,C358,I'm not so lucky to hear it now. We just got stuck by lightning. And my boyfriend is gonna do it.,Emergency Report,Unknown Location,Calm,0.4
AUD-359,C359,We have an aircraft declaring an emergency is going to land on the beach at Venice. Close to the airport. I'm not sure it got...,Emergency Report,Venice,Calm,0.4
AUD-360,C360,"No, I think someone's in. David, you hear the front door? I'm hearing no lights, the door's.",Emergency Report,Unknown Location,Calm,0.4
AUD-361,C361,we heard looked in the garage door was up and i thought the gentleman was backing up and went back,Emergency Report,Unknown Location,Calm,0.4
AUD-362,C362,We've been beating. It's the family daughter. I'm bleeding.,Emergency Report,Unknown Location,Calm,0.4
AUD-363,C363,I have a gun range officer that got shot in the head. We're at a... Samture's point.,Crime/Assault,Unknown Location,Distressed,0.85
AUD-364,C364,"I need 10 minutes right now for you. Okay, let's be a drag.",Emergency Report,Unknown Location,Calm,0.4
AUD-365,C365,We go up to this lady she laying in the road. I think she would get by a car. Okay. I got ahead injury. Oh,Traffic Accident,Unknown Location,Calm,0.4
AUD-366,C366,"I'm going to ruin the way I'm at. But my line looks like this guy robbed and he got shot. Okay, fun.",Crime/Assault,Unknown Location,Distressed,0.85
AUD-367,C367,She cut me who cut you there's no no hold on,Emergency Report,Unknown Location,Calm,0.4
AUD-368,C368,Please have me try to get my house. What are they doing? They tied my fund door and my schedule are now.,Emergency Report,Unknown Location,Calm,0.4
AUD-369,C369,"There's been a shooting, I just shot a man attack. We'll make a stop. OK, sir. If he enters.",Emergency Report,Unknown Location,Calm,0.4
AUD-370,C370,"I love me, I just love you more. Are you at a house? For a house?",Emergency Report,Unknown Location,Calm,0.4
AUD-371,C371,"Yes, man, I just shot my doider and shot all my grandkids.",Emergency Report,Unknown Location,Calm,0.4
AUD-372,C372,Because I'm not my way to work on North Sound on Redwood Road.,Emergency Report,North Sound,Calm,0.4
AUD-373,C373,"¡Ahhh! ¡Esto es eso! ¡Ay, un buen! ¡Cuál es la emergencia!",Emergency Report,Unknown Location,Calm,0.4
AUD-374,C374,I got arrived from 21 to what's he's so cold? My 35 travels.,Emergency Report,Unknown Location,Calm,0.4
AUD-375,C375,"And there was a guy and there was a pistol and I was falling fake, but he's like pointed at everybody.",Emergency Report,Unknown Location,Calm,0.4
AUD-376,C376,"I'll shut my husband and shut me, so we'll shut to me. Okay, hold on for me. Okay.",Emergency Report,Unknown Location,Calm,0.4
AUD-377,C377,"I'm sorry, there's a situation here. We have residents that I think they stole a car.",Traffic Accident,Unknown Location,Calm,0.4
AUD-378,C378,I'm in a glory in a race where it's where I go away.,Emergency Report,Unknown Location,Calm,0.4
AUD-379,C379,I think it's murder. What makes you think that? Because...,Emergency Report,Unknown Location,Calm,0.4
AUD-380,C380,"Um, I don't know if my husband had eyes rolling back. He's just not breathing.",Emergency Report,Unknown Location,Calm,0.4
AUD-381,C381,I'm out here right now and I lost my keys in my car. Is there any way that someone can come out here?,Traffic Accident,Unknown Location,Calm,0.4
AUD-382,C382,It's not an emergency. The only way I know how to get in touch with this woman is,Emergency Report,Unknown Location,Calm,0.4
AUD-383,C383,What's going on there? Let's see what's going on there.,Emergency Report,Unknown Location,Calm,0.4
AUD-384,C384,"Now, one, one, where's your emergency?",Emergency Report,Unknown Location,Calm,0.4
AUD-385,C385,"Same. I hear you, br-",Emergency Report,Unknown Location,Calm,0.4
AUD-386,C386,"I'm sorry, but the fireworks bill on. I'm sorry, you cannot call 911 for that.",Fire/Structure Incident,Unknown Location,Distressed,0.85
AUD-387,C387,I just received a call a few minutes ago from one of our VPs who states that he's up.,Emergency Report,Unknown Location,Calm,0.4
AUD-388,C388,If the Digman hit the park at 31st Avenue in Valmont.,Emergency Report,31St Avenue,Calm,0.4
AUD-389,C389,Yes! No! No. Damn! Damn!,Emergency Report,Unknown Location,Calm,0.4
AUD-390,C390,There has been four gunshots. Close to the second. And it is in the middle.,Crime/Assault,Unknown Location,Distressed,0.85
AUD-391,C391,I cut my wife so sweet in the bathtub and I think she's dead. I want you with the anger.,Emergency Report,Unknown Location,Calm,0.4
AUD-392,C392,"We just found the body of a baby, my grandson.",Emergency Report,Unknown Location,Calm,0.4
AUD-393,C393,I would have brought behind him and his brother along with me and I called down there because I was feeling this.,Emergency Report,Unknown Location,Calm,0.4
AUD-394,C394,This is our scouting utility emergency dispatch. We found a human skull. Oh my gosh.,Emergency Report,Unknown Location,Calm,0.4
AUD-395,C395,I need a police to come to my,Emergency Report,Unknown Location,Calm,0.4
AUD-396,C396,"Yes, no, I want to report a drug overdose.",Emergency Report,Unknown Location,Calm,0.4
AUD-397,C397,"Hello? Hello, my dad and my uncle just got shot. Okay. Oh my god, I don't like that. Two people shot at this time.",Emergency Report,Unknown Location,Calm,0.4
AUD-398,C398,on the side of the guide. And you can tell my little foot in there now. OK. Can you tell us?,Emergency Report,Unknown Location,Calm,0.4
AUD-399,C399,"My brother, he was playing like with his gun.",Crime/Assault,Unknown Location,Distressed,0.85
AUD-400,C400,My brother is counting. Where are you at? I'm at the...,Emergency Report,Unknown Location,Calm,0.4
AUD-401,C401,"My guy, my girlfriend is yesterday. Calm down, sir. Is she still breathing?",Emergency Report,Unknown Location,Calm,0.4
AUD-402,C402,"We have a gunshot wound accidental in the household. Okay, how old?",Crime/Assault,Unknown Location,Distressed,0.85
AUD-403,C403,"Somebody just, somebody just take him in my house. What did he hit her in the head with? I have not. I don't want-",Emergency Report,Unknown Location,Calm,0.4
AUD-404,C404,There's a cleaning out of Rockville Road at 9.6.9.,Emergency Report,Rockville Road,Calm,0.4
AUD-405,C405,"I don't know what this kid has done, and she's like going into a theater or something. And I don't know. Now just keep on...",Emergency Report,Unknown Location,Calm,0.4
AUD-406,C406,"I got my gun out. There's somebody trying to get in my house. Okay, alright, let's go.",Crime/Assault,Unknown Location,Distressed,0.85
AUD-407,C407,"emergency. 5-001, there's man, we'll be done. 5-001.",Emergency Report,Unknown Location,Calm,0.4
AUD-408,C408,I can't hear you scream and I can't...,Emergency Report,Unknown Location,Calm,0.4
AUD-409,C409,"We're having a baby or in Boulder Creek. We need to get the shutter. Okay, what's the problem? Some exact what happened.",Crime/Assault,Boulder Creek,Distressed,0.85
AUD-410,C410,Where's your emergency? I'll get a fire. Super-agore is following twig. Hold on just a second. Slow down. What's the address?,Fire/Structure Incident,Unknown Location,Distressed,0.85
AUD-411,C411,"I just came home, the door was busted in and my girlfriend's been shot.",Emergency Report,Unknown Location,Calm,0.4
AUD-412,C412,"It just crashed into the Hudson River, a US Air.",Traffic Accident,The Hudson River,Calm,0.4
AUD-413,C413,he just,Emergency Report,Unknown Location,Calm,0.4
AUD-414,C414,"I've got a burglar. A burglar. Yes, ma'am. In the burglar.",Emergency Report,Unknown Location,Calm,0.4
AUD-415,C415,The baby's not playing me on this. It's a damn baby highlands avenue. 12 baby highlands highlands.,Emergency Report,Unknown Location,Calm,0.4
AUD-416,C416,Can I help you? Certainly. A couple of people who have picked over in the Great Salt Lake have got them on the line.,Emergency Report,The Great Salt Lake,Calm,0.4
AUD-417,C417,"No, I'm lonely. I'm lonely. Just broken into a house where I'm lonely. Please help us. That's what my life is in half now.",Emergency Report,Unknown Location,Calm,0.4
AUD-418,C418,My mouth is in the bathroom and in the tea cup.,Emergency Report,Unknown Location,Calm,0.4
AUD-419,C419,"I'm coming here to buy something. I've listened to this. When I get there, I'm in the window.",Emergency Report,Unknown Location,Calm,0.4
AUD-420,C420,"Yeah, I was trying to find out if I knew to bring like any chick stoops or a",Emergency Report,Unknown Location,Calm,0.4
AUD-421,C421,"I see some activity going on in the car and I don't think it's proper. Okay, what kind of activity is it, sir? It looks like...",Traffic Accident,Unknown Location,Calm,0.4
AUD-422,C422,This is emergency 911 emergency. 340 soil.,Emergency Report,Unknown Location,Calm,0.4
AUD-423,C423,You said we dropped your store apart. Someone what? We just dropped your store apart.,Emergency Report,Unknown Location,Calm,0.4
AUD-424,C424,floor. You'll be on the floor. She'll be on the floor. Okay. I'm going to tell you how to help deliver the baby. Okay.,Emergency Report,Unknown Location,Calm,0.4
AUD-425,C425,What's the problem? What's the problem there?,Crime/Assault,Unknown Location,Distressed,0.85
AUD-426,C426,It does crash. What? A plane crashed on 17th and Lincoln in houses.,Traffic Accident,Lincoln,Calm,0.4
AUD-427,C427,like gunshots being fired. Okay. I don't know where they're coming from. It was two days.,Fire/Structure Incident,Unknown Location,Distressed,0.85
AUD-428,C428,"My girlfriend, she has a sex boyfriend and she's been talking to hell out of her. Okay, just talking out there.",Emergency Report,Unknown Location,Calm,0.4
AUD-429,C429,We just got a cry that somebody had shot somebody in a health diagnosis.,Emergency Report,Unknown Location,Calm,0.4
AUD-430,C430,"We've missed all the kidnaps in the night. Thank you, thank you. Who is kidnapped?",Emergency Report,Unknown Location,Calm,0.4
AUD-431,C431,"of gentlemen in the center room, and the instrument, you change the room. A bank of pot fell out of this room.",Crime/Assault,Unknown Location,Distressed,0.85
AUD-432,C432,"If I have been to the same thing, I will be open to the 14th, 2000, definitely a gas at a time zero.",Emergency Report,Unknown Location,Calm,0.4
AUD-433,C433,"The man lying on the highway. He's lying down at the edge of the earth, but on his arm.",Traffic Accident,Unknown Location,Calm,0.4
AUD-434,C434,"I want to talk, I want to talk, into my mouth, into my heart, my heart, my heart.",Emergency Report,Unknown Location,Calm,0.4
AUD-435,C435,I am. My uncle's job is to put a knee snack in his girlfriend's back and I am picked here. What? I am picked.,Emergency Report,Unknown Location,Calm,0.4
AUD-436,C436,I ordered a Pinchy Chicken Leget with a small bite as...,Emergency Report,Unknown Location,Calm,0.4
AUD-437,C437,"Somebody just, somebody just, and I'm gonna send a call to the police. I'm gonna be there's all on each day. Somebody just,",Emergency Report,Unknown Location,Calm,0.4
AUD-438,C438,"Help me. Okay, what's up, honey? My son isn't at least. I'm doing crazy.",Emergency Report,Unknown Location,Calm,0.4
AUD-439,C439,but he- Dep aer Спасибо Give me some Well Good Good Neat Good Good,Emergency Report,Dep Aer Спасибо Give,Calm,0.4
AUD-440,C440,Brian Chessens at 7-1-Bot-Glorm Circle and he is wrestling us to get in my house.,Emergency Report,Unknown Location,Calm,0.4
AUD-441,C441,"Yeah, I think it's least like that on my head. Yeah, man. We just got we just call it to boys breaking in our call",Emergency Report,Unknown Location,Calm,0.4
AUD-442,C442,Somebody walk into our house last night. I don't know.,Emergency Report,Unknown Location,Calm,0.4
AUD-443,C443,My ass bloopers is staring at the hell out of me It's stopping in my head and my neck and my...,Emergency Report,Unknown Location,Calm,0.4
AUD-444,C444,"My partner's on fire, he can't. Err! Okay, stay on the line with me, don't hang out. No, please!",Fire/Structure Incident,Unknown Location,Distressed,0.85
AUD-445,C445,I don't want Marge and Martin to stay. Help! It's a guy's coming! I can take him and go!,Emergency Report,Martin,Calm,0.4
AUD-446,C446,"I think he had a parachute on him, a guy parachute.",Emergency Report,Unknown Location,Calm,0.4
AUD-447,C447,"What's the problem there? There's a fire on pregnant. There's a fire at home? Yes, please come. OK, get outside.",Fire/Structure Incident,Unknown Location,Distressed,0.85
AUD-448,C448,Why would the pan cut me? I need assistance right away. What happened? My wife has now,Emergency Report,Unknown Location,Calm,0.4
AUD-449,C449,I have a concern for a co-worker. She just called me and sounded very...,Emergency Report,Unknown Location,Calm,0.4
AUD-450,C450,"A white female passenger pass out on one of our vehicles, which is 21-22.",Emergency Report,Unknown Location,Calm,0.4
AUD-451,C451,"Hello, um, he's going down to the black way with my baby. Okay, where are you?",Emergency Report,Unknown Location,Calm,0.4
AUD-452,C452,I'm going to turn this to the 258 from here. I'm going to turn the 258 from here.,Emergency Report,Unknown Location,Calm,0.4
AUD-453,C453,"I don't know. There's a lady laying out here on the side wall. Okay, bleeding. Okay. Are you with the lady?",Emergency Report,Unknown Location,Calm,0.4
AUD-454,C454,"Hi, my name is Jean Thomas. I'm watching my home on live monitor and there's a black man in my house and he's robbing it.",Crime/Assault,Unknown Location,Distressed,0.85
AUD-455,C455,"I'm going to start giving him out the lobby for any black. Miss, yes, General, I know it's where you with him now.",Emergency Report,Unknown Location,Calm,0.4
AUD-456,C456,There is a strange man outside our home and he hollered.,Emergency Report,Unknown Location,Calm,0.4
AUD-457,C457,I'm going to lose my side. I'm going to lose my side. I'm going to lose my side.,Emergency Report,Unknown Location,Calm,0.4
AUD-458,C458,My wife says in the bathroom she is bleeding all over the place. She thinks she's having a...,Emergency Report,Unknown Location,Calm,0.4
AUD-459,C459,"and since May 8th, we've just got robbed. Okay, what they look like.",Crime/Assault,Unknown Location,Distressed,0.85
AUD-460,C460,We've got a person here who is not fit to drive and needs to be taken to that system.,Emergency Report,Unknown Location,Calm,0.4
AUD-461,C461,"because I'm the lady, I'm my teenage lady, she was yelling for help, and they looked like she had a blood all over her.",Emergency Report,Unknown Location,Calm,0.4
AUD-462,C462,"There's somebody killed someone. Okay, ask for where the suspect is.",Emergency Report,Unknown Location,Calm,0.4
AUD-463,C463,They're all minor one- who are asses! They're on his right where C-,Emergency Report,Unknown Location,Calm,0.4
AUD-464,C464,Get them out of here for mega attention.,Emergency Report,Unknown Location,Calm,0.4
AUD-465,C465,I need an ambulance for two hours. Somebody just come and collect you up. What a drug.,Emergency Report,Unknown Location,Calm,0.4
AUD-466,C466,units know that it is confirmed rotation on the ground. Just want to roll our house off for five. Bring clean.,Emergency Report,Unknown Location,Calm,0.4
AUD-467,C467,way into the north I've seen a funnel cloud just reporting my first driving,Emergency Report,Unknown Location,Calm,0.4
AUD-468,C468,We just got in the tornado and the car slipped and the windows mercy and we're bleeding.,Traffic Accident,Unknown Location,Calm,0.4
AUD-469,C469,I told you this came across there say 24 okay. Yeah,Emergency Report,Unknown Location,Calm,0.4
AUD-470,C470,"Yeah, I have a rotating cloud coming in a southwest of Regis, hey far cut me.",Emergency Report,Regis,Calm,0.4
AUD-471,C471,"Yes, it looks like we're gonna touch down on broad moral. Are you hard car? No, I'm looking at",Traffic Accident,Unknown Location,Calm,0.4
AUD-472,C472,"No, ma'am, we can see a tornado. We're at 914, Hillcrest. We have about five of us all.",Emergency Report,Hillcrest,Calm,0.4
AUD-473,C473,"My mom, she's sick and she can't wait to see you. She can't wait, God.",Emergency Report,Unknown Location,Calm,0.4
AUD-474,C474,I'm so glad we need the wheels to the car. She ran over three people in a row. Where? I'm so glad we're here again.,Traffic Accident,Unknown Location,Calm,0.4
AUD-475,C475,Where is the guy with the gun in the case he's with Ames? Which case is the Lincoln Y1?,Crime/Assault,Lincoln,Distressed,0.85
AUD-476,C476,I'm just kidding the sounds of it. You can hear it in. Who is that? That's the course to be in that style.,Emergency Report,Unknown Location,Calm,0.4
AUD-477,C477,[Background noise / Dispatched tone / No clear speech],Emergency Report,Unknown Location,Calm,0.2
AUD-478,C478,"My phone is on my phone. Okay, 615. It's okay.",Emergency Report,Unknown Location,Calm,0.4
AUD-479,C479,"and then warrant. There's a fire back here at someone's front porch. Okay, where you need the fire department, ma'am?",Fire/Structure Incident,Unknown Location,Distressed,0.85
AUD-480,C480,We just saw a big airliner just being coated by two five planes.,Emergency Report,Unknown Location,Calm,0.4
AUD-481,C481,"Yes sir, where will a revich? Okay. Thank you.",Emergency Report,Unknown Location,Calm,0.4
AUD-482,C482,emergency. Oh that's the F18 chasing a big commercial plane around and around all those downtown,Emergency Report,F18,Calm,0.4
AUD-483,C483,"Yeah, I had two unusual aircraft fly really close.",Emergency Report,Unknown Location,Calm,0.4
AUD-484,C484,I'm the designer of the house and I'm really just a robber. What are your address? My name is...,Crime/Assault,Unknown Location,Distressed,0.85
AUD-485,C485,by the river the dog jumped in the water and we can't get out. Oh my god!,Emergency Report,Unknown Location,Calm,0.4
AUD-486,C486,"Just let me just walk up and then we'll settle down and drop. Okay, sir, stay with me, okay?",Emergency Report,Unknown Location,Calm,0.4
AUD-487,C487,"If not, I'm calling from the Sheraton Baltimore North. Yes sir. We have a dead body in one of our rooms.",Emergency Report,The Sheraton Baltimore North,Calm,0.4
AUD-488,C488,because they just jumped my 13 year old daughter and it's about to be all hell for a glimmer on.,Emergency Report,Unknown Location,Calm,0.4
AUD-489,C489,We got off for damn. What do you mean you have an off? We don't have a whole bunch of officers down.,Emergency Report,Unknown Location,Calm,0.4
AUD-490,C490,Пálки-关<|si|> иOP к,Emergency Report,Unknown Location,Calm,0.4
AUD-491,C491,"You know, Lyleview's shut down. You heard what? I seen a Lyleview's quiet down.",Emergency Report,Unknown Location,Calm,0.4
AUD-492,C492,It's too late. And the high winds have the...,Emergency Report,Unknown Location,Calm,0.4
AUD-493,C493,"We had a dead body right out in front of our school in the grass area, but we're at the John Fee door to be John's in location.",Emergency Report,The John Fee,Calm,0.4
AUD-494,C494,[Background noise / Dispatched tone / No clear speech],Emergency Report,Unknown Location,Calm,0.2
AUD-495,C495,"If the address is 1160 Ray Road, we have a baby missing out of a crib.",Emergency Report,Unknown Location,Calm,0.4
AUD-496,C496,I just called over to my sister's house and I have a phone.,Emergency Report,Unknown Location,Calm,0.4
AUD-497,C497,The phone man following me from the application. Damn. Did he show the gun to you?,Crime/Assault,Unknown Location,Distressed,0.85
AUD-498,C498,Somebody just came in and shot my daughter and my husband. They shot them? They shot them? What's your act?,Emergency Report,Unknown Location,Calm,0.4
AUD-499,C499,I'm watching TV and I heard five shots and there's someone laying in my front yard. A woman's sitter.,Emergency Report,Unknown Location,Calm,0.4
AUD-500,C500,I just killed my family. What's the knife? All of them. All for real. What's your name? Michael Miller.,Emergency Report,Unknown Location,Calm,0.4
AUD-501,C501,"My mom, she's crying, let me go and you'll see. Where are you? Not in the father's den.",Emergency Report,Unknown Location,Calm,0.4
AUD-502,C502,I'm not going to be a police fire ambulance. I need to be a police comm. I'm a brother strong and he took out a knife. Police.,Fire/Structure Incident,Unknown Location,Distressed,0.85
AUD-503,C503,I'm pulled over in the road. My husband's in the middle of the road having a serious like psych...,Emergency Report,Unknown Location,Calm,0.4
AUD-504,C504,"Well, my husband's not, I cannot seem to wake him up.",Emergency Report,Unknown Location,Calm,0.4
AUD-505,C505,"Now listen here. I've got two people here help hospital, right? Okay. Now you know what?",Emergency Report,Unknown Location,Calm,0.4
AUD-506,C506,see. Bargur was breaking into a house next door. What's the address there sir? 74.,Emergency Report,Unknown Location,Calm,0.4
AUD-507,C507,"Our state, we have a Burmese python, it's about 12 foot long, she got out of the cage last night and got into...",Emergency Report,Unknown Location,Calm,0.4
AUD-508,C508,"We were just said and talking my wife, you know Bob, and then she fell on the floor. Okay, what?",Emergency Report,Unknown Location,Calm,0.4
AUD-509,C509,"I don't want to go. Hey, just before I made a street up here by Wild Rock chasing us. Where are you at?",Emergency Report,Wild Rock,Calm,0.4
AUD-510,C510,It's a must've been shot. I haven't picked the vitals.,Emergency Report,Unknown Location,Calm,0.4
AUD-511,C511,There's a guy there with a gun. Yeah. Black and white. Black and white.,Crime/Assault,Unknown Location,Distressed,0.85
AUD-512,C512,"I just want to add that, there are some guys walking around and I'm talking about, looking at some girls that are gone. I think it's worth it. Tell me the address please.",Emergency Report,Unknown Location,Calm,0.4
AUD-513,C513,"Yeah, the man on the phone says there's a man on his property with a gun. Okay, and that's where the person is supposed to be too.",Crime/Assault,Unknown Location,Distressed,0.85
AUD-514,C514,I just been bitten by a red tail fox up in Red Reef Park.,Emergency Report,Red Reef Park,Calm,0.4
AUD-515,C515,"Yes. We had a, I think, a shooting right now on the bus barn on the high school.",Emergency Report,Unknown Location,Calm,0.4
AUD-516,C516,"out, not working. Not working. My babies are in there. Oh my God, I'm moved here.",Emergency Report,Unknown Location,Calm,0.4
AUD-517,C517,Somebody just came in and shot my daughter and my husband. They shot them. Please send me a check. I love my girl.,Emergency Report,Unknown Location,Calm,0.4
AUD-518,C518,is not breathing. Okay. Is there any way you can,Emergency Report,Unknown Location,Calm,0.4
AUD-519,C519,What do I think? I think I need an ambulance. I've got a teenager who's turning purple in his face. I think he's soaked out or something.,Emergency Report,Unknown Location,Calm,0.4
AUD-520,C520,"Yeah, there's been a bunch of guns out to my house. I think a bunch of people were shot. We're at 2112 views.",Crime/Assault,Unknown Location,Distressed,0.85
AUD-521,C521,"estoy hablando aquí el chico de la mongos si, que pasa están unos hombres",Emergency Report,Unknown Location,Calm,0.4
AUD-522,C522,"Hi, what's your new phone? And a little girl just went into the bathroom and she said, come on, come to the bathroom.",Emergency Report,Unknown Location,Calm,0.4
AUD-523,C523,And it's like I just tried to get out of this car. I got out of this car and he tried to get in my truck.,Traffic Accident,Unknown Location,Calm,0.4
AUD-524,C524,"Somebody has been shot. They're calling to please and an ambulance. Yes, does he want the horseshoe? Yes, what?",Emergency Report,Unknown Location,Calm,0.4
AUD-525,C525,I'm just having older women standing here and she had noticed two gentlemen trying to get in a house.,Emergency Report,Unknown Location,Calm,0.4
AUD-526,C526,So that's it. I got the stationary part of the car!! So I got my support done. You learn to keep mine safe. Almost all tutors are safe.,Traffic Accident,Unknown Location,Calm,0.4
AUD-527,C527,I have been in the news recently about being on in a hotel naked.,Emergency Report,Unknown Location,Calm,0.4
AUD-528,C528,There's an armed robbery going right on right now. I've been shot in the back and I'm bleeding. You've been shot in the back? Yes. OK.,Crime/Assault,Unknown Location,Distressed,0.85
AUD-529,C529,"And yes, my friends have to have me. He doesn't have to. He'll have to.",Emergency Report,Unknown Location,Calm,0.4
AUD-530,C530,new,Emergency Report,Unknown Location,Calm,0.4
AUD-531,C531,"emergency, my girlfriend just jumped off the back of our hotel room.",Emergency Report,Unknown Location,Calm,0.4
AUD-532,C532,"Yes, other guys been shot. Okay, right here on Burdenon Avenue. I want to see if the M1",Emergency Report,Burdenon Avenue,Calm,0.4
AUD-533,C533,"No, there's people trying to break in my house. Okay, they're there right now. They're here right now. They just spoke a basement window.",Emergency Report,Unknown Location,Calm,0.4
AUD-534,C534,"Alright, I killed my girlfriend. Excuse me? Did you hear me? I want you to re-",Emergency Report,Unknown Location,Calm,0.4
AUD-535,C535,three black men in the middle of Russell Boulevard and one of them has like a,Emergency Report,Unknown Location,Calm,0.4
AUD-536,C536,"it was a bus. Let me see. Okay, I'm right. Yeah. It's wrapped by one...",Emergency Report,Unknown Location,Calm,0.4
AUD-537,C537,"And with the already got somebody on the way, can you give me any kind of description? It's too black guys.",Emergency Report,Unknown Location,Calm,0.4
AUD-538,C538,There are three black gentlemen that are there harassing the women out there.,Emergency Report,Unknown Location,Calm,0.4
AUD-539,C539,"I was at a McDonald's, I paid $10 and these guys gave me one burger and a five.",Emergency Report,Mcdonald'S,Calm,0.4
AUD-540,C540,I gave you guys $10 they gave me one burger and a fry and told me to fuck.,Emergency Report,Unknown Location,Calm,0.4
AUD-541,C541,I've been run over. I've been run over. They all use real chat for...,Emergency Report,Unknown Location,Calm,0.4
AUD-542,C542,"Yes, my husband is a black man, I stabbed him. Okay, what's your address? 94 95 Stabber.",Emergency Report,Unknown Location,Calm,0.4
AUD-543,C543,I'm driving and I have somebody chasing me and they just hit my car.,Traffic Accident,Unknown Location,Calm,0.4
AUD-544,C544,"I'm gonna go to my son, he's here. He's here. I think he's drunk. I don't know if he has to go to my police.",Emergency Report,Unknown Location,Calm,0.4
AUD-545,C545,"Well, I'm the arm drum now, I'm just trying to figure out the thing when you hit.",Emergency Report,Unknown Location,Calm,0.4
AUD-546,C546,Why do I think we have to make this shit worth a matter? I'm at the court.,Emergency Report,Unknown Location,Calm,0.4
AUD-547,C547,I have a concern for a co-worker. She just called me and sounded very...,Emergency Report,Unknown Location,Calm,0.4
AUD-548,C548,"I just think, he's called family, he's dead. He's trying to hysterical, I can't understand. I'm having a ton of over this.",Emergency Report,Unknown Location,Calm,0.4
AUD-549,C549,"That being fired in so many things, how? So I'm finshada. Yeah, you can slide there over.",Fire/Structure Incident,Unknown Location,Distressed,0.85
AUD-550,C550,Someone is getting my house. It was an issue.,Emergency Report,Unknown Location,Calm,0.4
AUD-551,C551,I just saw a guy go into a room.,Emergency Report,Unknown Location,Calm,0.4
AUD-552,C552,"You need? It's time to set up. I'm sorry? I can show it to spec. Wow, want food?",Emergency Report,Unknown Location,Calm,0.4
AUD-553,C553,"Just been shot in front of my parents. You've been shot? Yes, right. Where have you been shot at? To the end of my leg.",Emergency Report,Unknown Location,Calm,0.4
AUD-554,C554,"Yes, the guy is following us with shotgun and he's trying to run us off the road. There you are. We're standing...",Crime/Assault,Unknown Location,Distressed,0.85
AUD-555,C555,"Somebody just broke into our house. With the address, Kevin, to me. With the address, I shot him. You shot him?",Emergency Report,Unknown Location,Calm,0.4
AUD-556,C556,"I just got my daughters and my children. You just did a lot of it? Got my daughters? Yes, got them.",Emergency Report,Unknown Location,Calm,0.4
AUD-557,C557,Which two people in the house? Do they have weapons? Huh? Yes. What type of...,Emergency Report,Unknown Location,Calm,0.4
AUD-558,C558,"Hi, my name is Stephen Rodwald and I just heard a shoot my dad.",Emergency Report,Unknown Location,Calm,0.4
AUD-559,C559,The baby was fully seeing the mother I had.,Emergency Report,Unknown Location,Calm,0.4
AUD-560,C560,My name is Stacy and I'm driving towards Ontario and a car went off into me at my marker 22,Traffic Accident,Stacy,Calm,0.4
AUD-561,C561,I just can't get him sex with a window. Is anybody hurting your house? I don't know yet.,Emergency Report,Unknown Location,Calm,0.4
AUD-562,C562,Two people are breathing towards no call. Yes.,Emergency Report,Unknown Location,Calm,0.4
AUD-563,C563,"What's going on? I don't know. Somebody broke the window I know. And your house or your car? Ah, smart.",Traffic Accident,Unknown Location,Calm,0.4
AUD-564,C564,"there are two men who was going to try to kill me. They have my husband on the floor. He's bleeding. All right, what is he?",Emergency Report,Unknown Location,Calm,0.4
AUD-565,C565,"Hey, the sprawler has taken a very good death trail. Yeah, people enjoy it. So, so, so.",Emergency Report,Unknown Location,Calm,0.4
AUD-566,C566,"and there were some kids over there, just one other kid, little fire and another kid in. Oh God.",Fire/Structure Incident,Unknown Location,Distressed,0.85
AUD-567,C567,The little boy just called on fire and he jumped off the other swimming car. What's the address?,Fire/Structure Incident,Unknown Location,Distressed,0.85
AUD-568,C568,I cut my wife so sweet in the bathtub and I think she's dead. I want you with the anger.,Emergency Report,Unknown Location,Calm,0.4
AUD-569,C569,"right now. She just gone and I need him out. Is this house? Okay, what do you mean, she would be in the end?",Emergency Report,Unknown Location,Calm,0.4
AUD-570,C570,I just killed my boss. You just did what?,Emergency Report,Unknown Location,Calm,0.4
AUD-571,C571,"Yeah, I have a black guy in here. He says he's gonna wrap the store and anyone is supposed to give him He says he has a gun on him",Crime/Assault,Unknown Location,Distressed,0.85
AUD-572,C572,Hello. I need to raise up to you. Please come on in.,Emergency Report,Unknown Location,Calm,0.4
AUD-573,C573,"please. Give me the address first, ma'am. Ma'am.",Emergency Report,Unknown Location,Calm,0.4
AUD-574,C574,I have so many people are shooting and people are running out of my building at work.,Emergency Report,Unknown Location,Calm,0.4
AUD-575,C575,"Yes, ma'am, I'm having a shot. BEEP BEEP",Emergency Report,Unknown Location,Calm,0.4
AUD-576,C576,"May I ask something in future full movement, please<|hu|>",Emergency Report,Unknown Location,Calm,0.4
AUD-577,C577,I'm bringing the key to the master right now. I work at 3 Bay and a couple of the ladies that work there just ran down here.,Emergency Report,Unknown Location,Calm,0.4
AUD-578,C578,We were closing the store and the guy came in with a mask on and I think...,Emergency Report,Unknown Location,Calm,0.4
AUD-579,C579,"I'm not sorry, my neighbor came. And now she said her husband said, the baby, I'll fire. I don't know, the lady.",Fire/Structure Incident,Unknown Location,Distressed,0.85
AUD-580,C580,He will just throw in my neighbor's house. Just the address. What's the address?,Emergency Report,Unknown Location,Calm,0.4
AUD-581,C581,I think I got shot. Danny Sriper 4203 Lake Avenue with Fumbi.,Emergency Report,Lake Avenue,Calm,0.4
AUD-582,C582,[Background noise / Dispatched tone / No clear speech],Emergency Report,Unknown Location,Calm,0.2
AUD-583,C583,"Your mommy's sick. If your mommy's sick, does she need an ambulance? Mommy.",Emergency Report,Unknown Location,Calm,0.4
AUD-584,C584,I woke up this morning and my daughter was not in the house. I don't know if she walked out. I don't know.,Emergency Report,Unknown Location,Calm,0.4
AUD-585,C585,What's going on man?,Emergency Report,Unknown Location,Calm,0.4
AUD-586,C586,I just killed my daughter. You what? I just killed my daughter.,Emergency Report,Unknown Location,Calm,0.4
AUD-587,C587,"I'm a literacy expert. Man, man, man, man, man, man, calm down.",Emergency Report,Unknown Location,Calm,0.4
AUD-588,C588,I need to unambient quickly and out of fire fire in commission,Fire/Structure Incident,Unknown Location,Distressed,0.85
AUD-589,C589,The house is on fire. The house is blowing up. Can you guys can listen? We've already got a call. Is it on a line?,Fire/Structure Incident,Unknown Location,Distressed,0.85
AUD-590,C590,There's a man at my back door he's trying to get in.,Emergency Report,Unknown Location,Calm,0.4
AUD-591,C591,Более!,Emergency Report,Unknown Location,Calm,0.4
AUD-592,C592,His friends are his friends because it's one of the things I don't know.,Emergency Report,Unknown Location,Calm,0.4
AUD-593,C593,"left heading south on 9.51. Yeah, it's a fairly new model truck. Looks like a Dodger afford.",Emergency Report,Unknown Location,Calm,0.4
AUD-594,C594,"We've found an elephant walking down the street near the community center, the rate 20.",Emergency Report,Unknown Location,Calm,0.4
AUD-595,C595,"Oh, I was coming to pass out. Is there anything else? I was coming to pass out.",Emergency Report,Unknown Location,Calm,0.4
AUD-596,C596,I think I know why you could follow me home because somebody thinks it feels a big I can't drive home straight.,Emergency Report,Unknown Location,Calm,0.4
AUD-597,C597,"radio light happened in the lobby with the gun. All right. Is everybody OK? Everybody away from them? Oh, yeah.",Crime/Assault,Unknown Location,Distressed,0.85
AUD-598,C598,"Can we meet police assistance for this? Okay, what's going on?",Emergency Report,Unknown Location,Calm,0.4
AUD-599,C599,My mom and her boyfriend and her boyfriend felt marijuana.,Emergency Report,Unknown Location,Calm,0.4
AUD-600,C600,"I accidentally shot my husband. You accidentally shot your husband? Yes. OK, is he breathing?",Traffic Accident,Unknown Location,Calm,0.4
AUD-601,C601,[Background noise / Dispatched tone / No clear speech],Emergency Report,Unknown Location,Calm,0.2
AUD-602,C602,"Uh, these came up to visit all of the home fathers. Uh-huh. And I think they were lovely to see them.",Emergency Report,Unknown Location,Calm,0.4
AUD-603,C603,I'm going to cost him a gunpoint and the 3400 block to highway drive southeast.,Crime/Assault,Unknown Location,Distressed,0.85
AUD-604,C604,I need to tell a few minutes to start shooting. I don't know where I'm at. One winter is dropping. The birds are falling.,Emergency Report,Unknown Location,Calm,0.4
AUD-605,C605,We got a baby that's not responsible. We're at 3301 West Noelle Drive.,Emergency Report,Unknown Location,Calm,0.4
AUD-606,C606,I'm going to return air cream. Just went down off of Encona. And airplane.,Emergency Report,Encona,Calm,0.4
AUD-607,C607,"I'm not in any danger right now, but it's all my urgent. These people, they came through my door.",Emergency Report,Unknown Location,Calm,0.4
AUD-608,C608,I might just call it the potential robbery and my mother's been missing for... I don't know.,Crime/Assault,Unknown Location,Distressed,0.85
AUD-609,C609,"Yea, my room, my dad thinks that if someoneров realized that he did",Emergency Report,Unknown Location,Calm,0.4
AUD-610,C610,"I went off the road, I'm in a retention pond right now. You're in the retention pond? Yeah. Okay.",Emergency Report,Unknown Location,Calm,0.4
AUD-611,C611,your emergency? I've got a gentleman in quarantine with a gun. I need someone here right now. I'm the storm manager.,Crime/Assault,Unknown Location,Distressed,0.85
AUD-612,C612,I need a phyllo-prove laser for a computer officer to my house.,Emergency Report,Unknown Location,Calm,0.4
AUD-613,C613,you should be aware.,Emergency Report,Unknown Location,Calm,0.4
AUD-614,C614,She's shooting at her! Come to the fucking house! That's not the way!,Emergency Report,Unknown Location,Calm,0.4
AUD-615,C615,"I just killed my kids. What's your name, male? Julia Murray. What is it?",Emergency Report,Unknown Location,Calm,0.4
AUD-616,C616,"I'm not going to try to jump the other way, I'm going to go. And I'm trying to act like I can't hear you.",Emergency Report,Unknown Location,Calm,0.4
AUD-617,C617,the building on 334 south of 8 quarters on fire. Report of a house fire house fire.,Fire/Structure Incident,Unknown Location,Distressed,0.85
AUD-618,C618,"there's a house on fire. There's a house on fire. 30, 30, 30, 38.",Fire/Structure Incident,Unknown Location,Distressed,0.85
AUD-619,C619,"I think there's been a murder. Okay, and where is the person at? Is the victim?",Emergency Report,Unknown Location,Calm,0.4
AUD-620,C620,"I don't know, it's common, it's common. It's common. Woo.",Emergency Report,Unknown Location,Calm,0.4
AUD-621,C621,There's a fight broke out in the liquor store. There's a customer holding him back. You guys need to...,Emergency Report,Unknown Location,Calm,0.4
AUD-622,C622,"Let them dissaute me. Your husband shot you around, ma'am. Inherent stomach? In a second. Okay, worse?",Emergency Report,Unknown Location,Calm,0.4
AUD-623,C623,I've got a black man here who's supposed to come out of house. Repanded.,Emergency Report,Unknown Location,Calm,0.4
AUD-624,C624,We have a trainer in the water with one of our whales. The whale that's set up to be in the water with? Okay.,Emergency Report,Unknown Location,Calm,0.4
AUD-625,C625,"There's some car, there's some guy, there's gonna be a way more than that. Can you close?",Traffic Accident,Unknown Location,Calm,0.4
AUD-626,C626,"I think the house will fire. Okay, with me, and we are is it? One, two, two, one, eight.",Fire/Structure Incident,Unknown Location,Distressed,0.85
AUD-627,C627,"Yes, you're big. You just wanted to go back. I don't know where you are.",Emergency Report,Unknown Location,Calm,0.4
AUD-628,C628,"Yeah, I just killed somebody. You what? I just killed somebody. You killed somebody? Yeah.",Emergency Report,Unknown Location,Calm,0.4
AUD-629,C629,"In AA V45 guns display a��rumgive, as well as a",Crime/Assault,Unknown Location,Distressed,0.85
AUD-630,C630,"Orn Cavenday, there's somebody shot somebody in the store. Okay, orn Cavenday, where?",Emergency Report,Unknown Location,Calm,0.4
AUD-631,C631,the media leaders that died with a knife for me. Brown token. Don't threaten me.,Emergency Report,Unknown Location,Calm,0.4
AUD-632,C632,"Okay, is that a single family home or an apartment man?",Emergency Report,Unknown Location,Calm,0.4
AUD-633,C633,"My point goes shot. Alright, Santa, I want to come in with you. Are you over there, Lesky?",Emergency Report,Santa,Calm,0.4
AUD-634,C634,"more hesitate now do, do, do, do, do, boom hold there's you in green air There's you in green- you receive and keep your chilis be free and for what? Okay, keep the subscribe check twice",Emergency Report,Unknown Location,Calm,0.4
AUD-635,C635,I don't have money to buy a ticket. I don't have money.,Emergency Report,Unknown Location,Calm,0.4
AUD-636,C636,or there's none. This is my one one. Do you need police or medical...,Emergency Report,Unknown Location,Calm,0.4
AUD-637,C637,"Yes, they are killing so we have pardoned.",Emergency Report,Unknown Location,Calm,0.4
AUD-638,C638,"Hey, I got her, I got an audio. Seminole with the transistor. Okay, pull it. Okay, I'm in the middle.",Emergency Report,Unknown Location,Calm,0.4
AUD-639,C639,"I'm not a mom or a guy shot. What? I'm not a man, I'm not a guy shot. Bye, who?",Emergency Report,Unknown Location,Calm,0.4
AUD-640,C640,There's been an explosion on I 30 on I'm sorry 183 research. I'm gonna test you. I'm at,Emergency Report,Unknown Location,Calm,0.4
AUD-641,C641,"Okay, what kind of plane was it? How big was it, sir? It looked like a desna, like a prop plane.",Emergency Report,Unknown Location,Calm,0.4
AUD-642,C642,"No, it's worth everything I'm getting ready to kill somebody. No, it's worth where? Everton. Everton?",Emergency Report,Unknown Location,Calm,0.4
AUD-643,C643,We are Не,Emergency Report,Unknown Location,Calm,0.4
AUD-644,C644,I just saw my best friend on the X-E-Santz. Oh my god! I just shot your best friend. How did- where did-,Emergency Report,Unknown Location,Calm,0.4
AUD-645,C645,"And it's what I already saw with me. Okay, how cool. Hey, buddy. Hey, buddy.",Emergency Report,Unknown Location,Calm,0.4
AUD-646,C646,"My dad told me my duck. Her, her dad.",Emergency Report,Unknown Location,Calm,0.4
AUD-647,C647,I went out broke. I hope she was not back and I was getting her in. Should have been like-,Emergency Report,Unknown Location,Calm,0.4
AUD-648,C648,"Hey, guys, I just saw a Godfly, two shots after a...",Emergency Report,Godfly,Calm,0.4
AUD-649,C649,I can't see anything. I was struck with a bottle. And I'm a freak.,Emergency Report,Unknown Location,Calm,0.4
AUD-650,C650,"Heart, brain, unit, hatred Okay, are you?",Emergency Report,Unknown Location,Calm,0.4
AUD-651,C651,We had someone come in and asked for dial 911 that there's a woman yelling.,Emergency Report,Unknown Location,Calm,0.4
AUD-652,C652,"Okay, it's a mind. Ma'am? Yes. What's the emergency? I...",Emergency Report,Unknown Location,Calm,0.4
AUD-653,C653,There's someone at my door and he keeps on knocking on the door and he tried opening it.,Emergency Report,Unknown Location,Calm,0.4
AUD-654,C654,I just killed my children. Excuse me? I just killed my children. Where are you?,Emergency Report,Unknown Location,Calm,0.4
AUD-655,C655,I have ordered food which is totally ridiculous you can get.,Emergency Report,Unknown Location,Calm,0.4
AUD-656,C656,It sounded like gunshot behind the door. We were in the door at the title store.,Crime/Assault,Unknown Location,Distressed,0.85
AUD-657,C657,This is an emergency. My car is in the litter right off the street. Mullins car.,Traffic Accident,Unknown Location,Calm,0.4
AUD-658,C658,I make sure to report gun shot wound. Someone gun shot wound.,Crime/Assault,Unknown Location,Distressed,0.85
AUD-659,C659,"Okay, I got her a female shot 17831, someone had a new apartment and...",Emergency Report,Unknown Location,Calm,0.4
AUD-660,C660,I just came home in my girlfriend and my mother somebody worked at the moment where I had a simple ad-,Emergency Report,Unknown Location,Calm,0.4
AUD-661,C661,want to broken airs for,Emergency Report,Unknown Location,Calm,0.4
AUD-662,C662,my brother killed my brother. I heard this street name but you're going outside in somewhere a second.,Emergency Report,Unknown Location,Calm,0.4
AUD-663,C663,"There's a guy laying on the road he's leaving. OK, man, I'm going to even hit by a car. I'm going to get started. I don't know.",Traffic Accident,Unknown Location,Calm,0.4
AUD-664,C664,I can't find my son. Calm down. What is your address?,Emergency Report,Unknown Location,Calm,0.4
AUD-665,C665,I killed my boat kids. I'm sorry? I killed my boat kids. They are dying. I...,Emergency Report,Unknown Location,Calm,0.4
AUD-666,C666,Is there a report of somebody shooting? I don't know where. Do you know if anybody's heard right now? Yeah.,Emergency Report,Unknown Location,Calm,0.4
AUD-667,C667,Where's your emergency? There's a gunshot. We're at. Gunshot in 1600. 1600.,Crime/Assault,Unknown Location,Distressed,0.85
AUD-668,C668,"Who are at our house and told us to break into our house? Okay, where's your mom at? She got-",Emergency Report,Unknown Location,Calm,0.4
AUD-669,C669,Hello sir. Yeah. Did you dial 911 a little while ago?,Emergency Report,Unknown Location,Calm,0.4
AUD-670,C670,The shoot over in the main center. That's why you serve. I'm in the building.,Emergency Report,Unknown Location,Calm,0.4
AUD-671,C671,There are bees like hundreds swarming around a guy who can't get up off the ground thousand.,Emergency Report,Unknown Location,Calm,0.4
AUD-672,C672,20 feet underwater. There! We need to get out here! Out of here! 9-1!,Emergency Report,Unknown Location,Calm,0.4
AUD-673,C673,And so we get fit What is that? Vyremal What kind of animal is that?,Emergency Report,Unknown Location,Calm,0.4
AUD-674,C674,"I didn't mean it's gonna be right down. Alright, we will ask her this.",Emergency Report,Unknown Location,Calm,0.4
AUD-675,C675,One of the kids was at the first holiday on the day and I don't know if she's okay enough.,Emergency Report,Unknown Location,Calm,0.4
AUD-676,C676,"The fight, man, it's smoking out, man. You think Green Park and Dogwood?",Emergency Report,Green Park,Calm,0.4
AUD-677,C677,She's not waking up. Okay. What's her address?,Emergency Report,Unknown Location,Calm,0.4
AUD-678,C678,"Yeah, for El Maldior. What's going on? I want to keep on my vehicle.",Emergency Report,El Maldior,Calm,0.4
AUD-679,C679,"I just shot the Mormons Bishop over here until they're here. You did? Yes, it is. Your name?",Emergency Report,Unknown Location,Calm,0.4
AUD-680,C680,And this guy has a gun in my hat. I need the cloth. The God's got a gun in my hand. 17.,Crime/Assault,Unknown Location,Distressed,0.85
AUD-681,C681,"for like, at least four or five people are at the end. At where? Right.",Emergency Report,Unknown Location,Calm,0.4
AUD-682,C682,"I'm going to start with the exact same rules. By a loose, okay? And if he conscious and breathing,",Emergency Report,Unknown Location,Calm,0.4
AUD-683,C683,"Yeah, we just, I need to report a kidnapping. We're kidnapping, what happened? A guy in a...",Emergency Report,Unknown Location,Calm,0.4
AUD-684,C684,"Hi, I called a little while ago and believe I talked to Stacy. My...",Emergency Report,Stacy,Calm,0.4
AUD-685,C685,emergency.,Emergency Report,Unknown Location,Calm,0.4
AUD-686,C686,"Yes, ma'am. I need somebody to come to Penicry, Glendon. Okay.",Emergency Report,Penicry,Calm,0.4
AUD-687,C687,My name is Mary Lyons. I'm the Banking Center Manager at Bank of America at 185 Highland,Crime/Assault,The Banking Center,Distressed,0.85
AUD-688,C688,"You mean some reason to ask her on my mom? Yeah, I don't even, she just called.",Emergency Report,Unknown Location,Calm,0.4
AUD-689,C689,This is the hospital. Where am I at? On that dog's office. They're shooting in the hallway around the eighth floor of their shooter.,Emergency Report,Unknown Location,Calm,0.4
AUD-690,C690,The old North Shore Road and my husband's been attacked by a bear.,Emergency Report,North Shore Road,Calm,0.4
AUD-691,C691,"Somebody somebody's full of them is our shoe and they're not shot by two pieces. Okay, we're getting some up up.",Emergency Report,Unknown Location,Calm,0.4
AUD-692,C692,"Oh my god, the fire! So now, it's the level where I'm inside.",Fire/Structure Incident,Unknown Location,Distressed,0.85
AUD-693,C693,"on 23rd grade. This is Tony Guzman, I'm a staffer and he was overheaded towards.",Emergency Report,Unknown Location,Calm,0.4
AUD-694,C694,"high, a little airplane, a little one-engine airplane took off from the airport at 83rd Street in Christ.",Emergency Report,83Rd Street,Calm,0.4
AUD-695,C695,"I'm sorry. Good outdoor. Good things. Yes, ma'am. Yes, ma'am.",Emergency Report,Unknown Location,Calm,0.4
AUD-696,C696,Hello. Is everything okay? Ah.,Emergency Report,Unknown Location,Calm,0.4
AUD-697,C697,"Okay, what do you need to believe?",Emergency Report,Unknown Location,Calm,0.4
AUD-698,C698,"Yes, I need the police please, as my house. Glad to. I think we need an ambulance.",Emergency Report,Unknown Location,Calm,0.4
AUD-699,C699,Okay. We need a person back in the meat department to get an in.,Emergency Report,Unknown Location,Calm,0.4
AUD-700,C700,What do you need? You need the police?,Emergency Report,Unknown Location,Calm,0.4
AUD-701,C701,"Somebody go into my house. Where the hell is that? What's your address? Yeah, but...",Emergency Report,Unknown Location,Calm,0.4
AUD-702,C702,"We just got a lot to come upon. It's gonna come here with a gun, shot one of our employees, and uh...",Crime/Assault,Unknown Location,Distressed,0.85
AUD-703,C703,Not that it's bailing the floor against Live PLS at once Wait buuuh,Emergency Report,Live Pls,Calm,0.4
AUD-704,C704,"Oh, my mind's at the doctor. You're not at the doctor. Are you there alone?",Emergency Report,Unknown Location,Calm,0.4
AUD-705,C705,"I spy here, John websites didn't show right up until 나 nem en log",Emergency Report,Unknown Location,Calm,0.4
AUD-706,C706,"Oh, there's a student. Who's been shot, man?",Emergency Report,Unknown Location,Calm,0.4
AUD-707,C707,"Yes, I need a police officer over here. What's going on? Um...",Emergency Report,Unknown Location,Calm,0.4
